image,class_sequence
0011b4d3f9068a9efbb84dc3157b76c9.jpg,[4]
0019a9ab6fd5ef3df915241bc323afb5.jpg,"[4, 4]"
00521f6fd0d749c9601a55eb8cf7533e.jpg,"[4, 4, 4, 4, 4]"
0081b25823f23a536c9f1952491db636.jpg,"[4, 4, 4, 4]"
00b48429c1382cc7d1c72926acedbaa7.jpg,"[4, 4, 4]"
01c65b93ec97107c9f06dcd14d5b1f72.jpg,[4]
01e9cf28b75fb555eb5d6116bd1d4fcd.jpg,"[4, 4, 4, 4, 4, 4, 4, 4]"
020b932be0eee2d4c473f595584d1698.jpg,[4]
02375183f793040ebe1192ef1177104d.jpg,"[4, 4]"
02533dafc548f483ce858ce385dfba6b.jpg,"[4, 4, 4, 4, 4]"
027a4ea75b44bb19e5462d550af31565.jpg,[10]
02e2d9573c57106bec1f9c7d02e9df76.jpg,"[4, 4, 4]"
032488ec5ffbb993ab79dcd797787c95.jpg,"[4, 4, 4]"
037655b9c038b0ad1d871d7b855c4c12.jpg,"[4, 4]"
03858da6a532e19e7fdbe35530bf2447.jpg,"[4, 4, 4]"
04210994b792641e97f4c4a57f545218.jpg,[4]
0422d536e5855168fa4d2f8fda42a88e.jpg,[4]
0444b70bd974141ed18302c314383836.jpg,[4]
04dc5a12c2a385ab131b7a62e845b624.jpg,"[4, 4]"
053d4e9e51ac3a2c944f2c252a089754.jpg,"[5, 4, 5, 5]"
059f9c9fc7caffa01e85d7bbed2dab07.jpg,"[4, 4, 4, 4]"
05de96481dbc4e99f086a1b2315d3a66.jpg,"[4, 4, 4]"
05edd3d39de7161ab910d85386d53c30.jpg,"[4, 4, 4, 4, 4]"
05f7748046f5a6878e3057f5afdf3094.jpg,"[4, 4, 4, 4, 4]"
063a6022eb9ff9f74f15740cab410887.jpg,[4]
063bfc1148835b0288abbeb29105e183.jpg,[4]
07210b2e5f113cf9dcf8ed5d5f3a4b6a.jpg,[2]
07217b23cec3bd4ef0538c91a810904a.jpg,"[4, 4]"
07381c666a8a9b3a0d6c1ce72cd47cac.jpg,[4]
07ab12aabf47cf31fc4ba7cc9b599ac0.jpg,"[4, 4, 4, 4, 4]"
080b2bf6f02ad0ee43e9642ee99653d6.jpg,[4]
081e7bb3832ec5bb25276db161a96274.jpg,"[4, 4, 4, 4, 4]"
08375747bbf8a35b2fa9d644ffd472c0.jpg,"[4, 4, 4]"
0864a1f58713463aa61353819526481b.jpg,"[4, 4]"
08ccb70fae5611a562f8bce98bd95631.jpg,"[4, 4, 4]"
08ff821382070d96d7cb1b74f921459e.jpg,"[4, 4, 4, 4, 4, 4]"
09294b3485395f7277a59eeb2cab9be7.jpg,"[4, 4, 4]"
097f48b22802f8b5f1a71a2a23d14dcf.jpg,[4]
09a77c30ecbb3c27a3d5c739cf6d9256.jpg,"[4, 4]"
09ba3566bd835c9712add11af8755221.jpg,"[4, 4, 4]"
09f61df2adae3dcd95a4e05286b1af9d.jpg,"[4, 4]"
0a1ea4614a9df912eeb8d1b40bffee74.jpg,[4]
0a4f38c94dd63cd8e5b9209dc9892146.jpg,[4]
0a584ddb325ed1ab4083d341280caaa8.jpg,"[4, 4]"
0b18e00ab6d363022e094b618adb40af.jpg,"[4, 4]"
0b8acebd823fee244034eff07dc37623.jpg,[4]
0b993acc38a4103db91c85e2f03c43c0.jpg,"[4, 4, 4]"
0ba2a22e1f8aa653476ce5f957a85310.jpg,"[4, 4, 4]"
0bd806a66f1d4e4302b354c34baca077.jpg,"[4, 4, 4]"
0c0470911e57a5ed7de67279bd7140a0.jpg,[4]
0c70aa158825293871d69568ed9d5964.jpg,"[4, 4, 4, 4, 4]"
0c75c5a189d01d80c275e47be1fba699.jpg,"[4, 4, 4, 4]"
0cea01b93119a3e2e78f83841ef7e7c9.jpg,"[4, 4]"
0d200a6761b3ebd25b290fc3b4008bd3.jpg,[4]
0d45bfb08eb484cf4413359d8eab651b.jpg,[4]
0dfe52c707e21f2ef97e7a406113cd06.jpg,[7]
0e30c2a3c1c661e4b7e3c0cdc58915f4.jpg,"[4, 4, 4]"
0e30e713f2741ce3281d6409592a62e8.jpg,"[4, 4, 4]"
0eb207a4fe390364bdf229da5c3a97dd.jpg,"[4, 4]"
0eb4d68fcd12a4e5be6fb85255b86132.jpg,[2]
0ec9656d431a711a03afd1c601d0fce0.jpg,[4]
0f18d0b05511187a731efc8a65632113.jpg,"[4, 4]"
0f1c12d264738de75f12714d6da6be5d.jpg,"[4, 4, 4, 4, 4, 4]"
0fbfe80c0949bcc0f35f4c7484a83a52.jpg,"[4, 4]"
0fc6c456b47ab87cb01b3705a617fee2.jpg,[4]
1047bc77792076dc1723c16ce94c76da.jpg,"[4, 4, 4, 4]"
106d7a0fc9e9d911eca33df2e13517a2.jpg,"[4, 4, 4, 4, 4]"
10792bd89ac5f904e578a59d6f45ef7a.jpg,"[4, 4, 4, 4, 4, 4]"
10d7ee74749d74d59b2ea4acd973161d.jpg,"[4, 4, 4]"
1189cc11d9a896eed893ed1e45a5a469.jpg,"[3, 3]"
1199c52a9a67fd1d551c5e3c6ace388d.jpg,"[4, 4]"
119f4f9696e95381354bad27e9dc0bc8.jpg,"[4, 4, 10]"
11c959afb695301f1cf188cce1ad440d.jpg,"[4, 4]"
125744de9cf3740396125c9426fad0d5.jpg,"[4, 4]"
1282dd41f047a880f963bbd6b508b527.jpg,[4]
12b0909ca1a7274b819a26e59eacf0f3.jpg,"[4, 4, 4]"
132a0e6516738c5c2bb7a5a4dde17455.jpg,[4]
135be3531b6a703687c50cee14a897d5.jpg,[4]
13f1c6ff52e9817ecfd89a478f45d7c7.jpg,[4]
13f62bd5f66a9a7198972f2658b6dcf6.jpg,[4]
14b5dc2e880e764cea8acd021f0998ed.jpg,"[4, 4, 4]"
14be9912aa9cd1b1d670a14c06c49375.jpg,"[0, 0]"
151ebcdb6394b4fe5830234fa76e447f.jpg,"[2, 2]"
153f95424888ca702ca9852f98f92fe7.jpg,"[4, 4, 4]"
155b5e088bd6a686024c0b362cdf9e78.jpg,[10]
1575e69982c92c602dc363d00620d265.jpg,[4]
157b2ffb5e86fd64686e3683c99262e9.jpg,[4]
15aae6e5a32822ab52600b52cdb84c4f.jpg,[4]
15ac2095875d2277d8fd7918235496e3.jpg,"[4, 4, 4, 4, 4]"
162114a938d28c38a656a5c9ae145ff2.jpg,"[4, 4, 4, 4, 4]"
165b67fcbe2adc6dd470ab939c854d8f.jpg,"[4, 4]"
168302025b178e69a4313bb315d6e885.jpg,"[4, 4, 4, 4, 4, 4, 4, 4]"
16bff027619beb4ff1052bbcc5707e9d.jpg,"[4, 4]"
16c178ba7a73c03b9200aaca6bf082ed.jpg,"[4, 4, 4]"
16c94aad9cbe12f4cb731ba12bb39f33.jpg,[4]
16cbf47036c5c12cd55f921594f26d1e.jpg,[4]
17a8c7681d58aa2cbe38a72f18b72dc5.jpg,[4]
1804acc4117b58ac42c97749b5da4f69.jpg,[4]
18137c86fdd869c34124bcd6ecf82737.jpg,"[4, 4]"
181407dbb6b77f549ae74a6b5e6de7c4.jpg,"[4, 4, 4, 4, 4, 4]"
18330831f625c22b0e90f9e802690f14.jpg,"[4, 4, 4, 4]"
1840a781d3437c617b91c960c92cb7ea.jpg,"[4, 4, 4, 4]"
187cec6f34e32f55bd727b2b7cb035b2.jpg,[4]
1883acc049017ac936ef14ddeef51f21.jpg,[4]
1a5486755332850e05bd1e3a4fa7a0ab.jpg,[4]
1aaa018aaeaf9f89b589b28853c483e3.jpg,[4]
1adf60f25d445f7ae3f7f9b50008f7b6.jpg,"[4, 4, 4]"
1b39cbe0913f552cefe1c254991720b1.jpg,[4]
1b6817f1171f153a0f551ec79b4206fe.jpg,"[4, 4, 4, 4]"
1b755e257098992054567c650cb34b81.jpg,"[4, 4]"
1b77abbde02fcef0c104fa5eee29155d.jpg,"[4, 4]"
1b830cd9ba3437778b148e4673876ee8.jpg,[2]
1ba11a60213e9867c14205b91e1d115f.jpg,"[4, 4]"
1c1f0fd05d2fea91c646d7aede72b6eb.jpg,"[4, 4, 4, 4]"
1c2882b89e6def475cca3e25b5a19520.jpg,"[4, 4, 4, 4, 4]"
1c6a62bb055dd661dbc8adbb6a7053a5.jpg,"[4, 4, 4, 4]"
1c6ccb1fc3f1f6bd65f6163523e9727a.jpg,[4]
1c811c46032f2db183cd37af6808f575.jpg,[0]
1c911c75334310d5aaf84b2a42552eac.jpg,[4]
1cb511f4b5c92ac844eed02e4e3f4369.jpg,[4]
1cb81f2155c5fc2f77848a9bbce5931f.jpg,[4]
1cd586a69991270bc5e04cdcdf2ae2fe.jpg,"[4, 4, 4]"
1d122e6a5dae33a33705802f2707aa0b.jpg,[4]
1d6ccf77fae14be792de2839efd7b7fc.jpg,"[4, 4]"
1dd55d643aacdb27ad700b9f2ef6a631.jpg,"[4, 4]"
1f04b1e254f1adf79975adf500bb4bc7.jpg,"[4, 4, 4, 4, 4, 4]"
1f9a3487441b2ac9e808f0a92ca95d29.jpg,"[4, 4, 4, 4, 4]"
1fa9b5a11c86fe598ccffdf44474f68b.jpg,"[4, 4, 4, 4, 4]"
1fd01c720afd68ffd8e50e6aaeaabae9.jpg,"[4, 4]"
1fe7668d415058d402505a6a00a9f391.jpg,"[4, 4]"
2002717099b6539929ced1a79ecbc1ed.jpg,[4]
207ad9691e337b2f213f95a3398bcdc4.jpg,"[4, 4, 4]"
20bb9bd37abbefe8201623135c668be8.jpg,"[4, 4]"
216dd17a91843c6ae22fb2767495eb92.jpg,"[4, 4, 4, 4, 4]"
217a94383020937a565f6caa58c40525.jpg,"[4, 4]"
21829d3e48ab7b979512faa30a4a3f7b.jpg,"[4, 4, 4, 4, 4, 4]"
21df324cc8e6ce2e7275c3f081eb4d3f.jpg,[4]
23245f2f57f36e5ff38d87c34ec2b186.jpg,"[4, 4, 4]"
232f1eddac4b5c007e54b93859b4d5c3.jpg,[4]
233b0794110012ad7e3a4f090e624bf1.jpg,[0]
23893dc03f2fe95a4ba61a74b276dc07.jpg,"[4, 4, 4]"
23a387664b8b0689d9eac03d47e4444d.jpg,"[4, 4]"
23acf181d1a138ddec86f49af9525723.jpg,"[4, 4]"
23d54a2c9f2af3d67693826b1bab75ad.jpg,"[4, 4]"
240a15e712c2fa65bd684a5a28e5d622.jpg,[4]
240e195975adc7564424bc5ceeca8e46.jpg,[4]
245810a94933ce1a0a95c9f0d5dcfa34.jpg,"[4, 4, 4, 4]"
24db80acda30937786d5f82b759b6523.jpg,"[4, 4]"
24e7a94813bf31430caa8c7bbfd90c14.jpg,"[4, 4]"
252550a0e4396724c8ba3d4a81e7ce97.jpg,"[4, 4, 4, 4]"
2532e8d313a95dbe66efa803afcddde9.jpg,"[4, 4, 4, 4, 4, 4]"
256fc1d6785cd8800915ac4a81988101.jpg,[4]
2638f3c8d84d733034e92c229f6c6c66.jpg,"[4, 4]"
263b552b217a4ed70ac7f755fb097387.jpg,"[4, 4, 4]"
267b06e2e43ac1719f4c02b115773a7c.jpg,"[4, 4, 4]"
26b8e817783cc2ccd895cfe651b6cdaf.jpg,"[4, 4, 4]"
26c2c609bea337f7d9e64bb908c43076.jpg,[4]
26ed66033f618554e4aef3bc17e6079b.jpg,"[4, 4, 4, 4, 4]"
26ff48c97443a02a1797cc58ed6702b9.jpg,[4]
274787c4c9775cc8cc524de10394bb0d.jpg,"[4, 4, 4, 4, 4, 4]"
2752dde5da94f1dce46d8d09d912fe3c.jpg,"[4, 4, 4]"
275d137508704d93554074b486f76249.jpg,"[4, 4, 4, 4, 4]"
27647f95964c377e81f01e8363a63abc.jpg,[4]
279913ca5b8ddecd4823e396c0f26cd6.jpg,[4]
27c706820e4bbd02ad8ea2adae0c0c6b.jpg,[4]
2801a031dac07fa89eedf6a8b93da297.jpg,"[4, 4]"
2806e5ba5a7aa0997b2acbd62db34cd6.jpg,[4]
282042474a99423d65945f00f557ab0e.jpg,"[4, 4]"
2823f7e408b57b0fb9325d2a84a59558.jpg,"[4, 4, 4, 4, 4]"
2887ca97e9340fd09045eb7c2680e32c.jpg,"[4, 4]"
28c45aefce2c55475b818d8d4cd92d3c.jpg,[4]
28cfcd3a69f47335d8555cb680411551.jpg,"[4, 4, 4, 4]"
28f094b6d3f06f75a72e4a02087f80e8.jpg,"[4, 4, 4]"
29e343acb2ff7a6213bc1cab568ddb31.jpg,[4]
2a01eb717eba1e8246a4b5cd30b898db.jpg,"[4, 4]"
2a5279845901a915ad1f1e083b8e8041.jpg,[4]
2aa514c61b056d5ad10d999a0cde110c.jpg,"[4, 4, 4]"
2ac966adb98e3f193a412b5dddd10299.jpg,"[4, 4, 4, 4]"
2acbba0d2b1a3b294b4aa381afe1f9ca.jpg,"[7, 7, 7]"
2ae8dc9c30f1b7e7d2066ce15a6c2652.jpg,"[4, 4, 4]"
2afc9f9fd4ce9eb8f397033de2e20bba.jpg,[4]
2b62253726196e77953737adc97861b3.jpg,"[4, 4, 4]"
2bb02e9237647d20bf2188ba7b798f0a.jpg,[7]
2c5ea37a65a2b3127c6f7751eec92990.jpg,"[4, 4, 4, 4]"
2c6cfe092f7ae14cd67f79633e7b329c.jpg,[4]
2cbe71620f2eb351901b81fa1ed86c2a.jpg,[4]
2cddeee5ef3cacbd96e718db0dcda926.jpg,[4]
2d2caab80dcc30baca30a48052039aa5.jpg,[4]
2d660bb5f4a72e7f4edadb8774c8684e.jpg,"[4, 4, 4, 4]"
2d84f0d96c27294c8529bc67e3db75f6.jpg,"[4, 4, 4]"
2e2983b3ad8e2aa1672fb2f444b3c691.jpg,"[4, 4, 4, 4, 4, 4]"
2e486a5eef1658f44b646e8dde458572.jpg,[4]
2ecabd66bcf956be9636ace7b2136cf8.jpg,[4]
2ef66bdf96805e4d626024b8177b08fa.jpg,"[4, 4, 4, 4, 4]"
2f359370773d141f97792cb03c615724.jpg,"[4, 4, 4]"
2f77d0a692bb44f1a9fbe83ac8a4bf55.jpg,[4]
302c2bb820d9200643236c1caa9aaf17.jpg,[4]
302de87440527521d5585f5ba25eb9c2.jpg,"[4, 4, 4, 4]"
30a7811c38ece92c7e7f30f0c34de79e.jpg,[4]
30e9b118985c00e3a2a49d2122fa841a.jpg,"[4, 4, 4]"
316bdb1bef6eed5f5d81447cdf15cd19.jpg,"[4, 4, 4, 4, 4, 4]"
318b31531bb82af4e61f6725a67d17cf.jpg,[4]
3194954ef0e75ef5d9605273854e97a9.jpg,"[4, 4, 4, 4, 4]"
3208d988990c1344bc5611cb2aa5c010.jpg,[2]
3212b4d8cf6512fe77c6ae7781d96d4e.jpg,[4]
322701a21f259587f7e92f8690f91aed.jpg,"[4, 4, 4, 4, 4, 4, 4]"
322d0139ff3f68efedc7518195858dba.jpg,[4]
329986e188981c33fda398ffe0291621.jpg,"[4, 4, 4, 4]"
329a011b04f8aef22e063cbfda44df80.jpg,"[4, 4, 4, 4]"
32adccf935ec3202a6e4822945a7173c.jpg,"[4, 4, 4, 4, 4]"
32ba8f6cf9f1ec9c73e33c8ba4a1b207.jpg,"[4, 4, 4]"
32d9e6c8d78d8428865b3f180b6d4f22.jpg,"[4, 4]"
331f89254a8f78f9e54967aaa9dc7f45.jpg,[4]
33324b7e81629a6be7135f050761d512.jpg,"[4, 4]"
336fa6391ce73fa0b9dfbb54395af927.jpg,[2]
33c60b64e8ac3b98ed46ba81866fd8d4.jpg,"[4, 4, 4, 4]"
33d925a91a963db5a66ddb35be6816ad.jpg,"[4, 4]"
33e10cd4ac2e19b545cbce7d88d5ee5f.jpg,[4]
33e22b6ad0088ad51682359f14a62e75.jpg,"[4, 4, 4]"
3415d68f790bc785f9099b9e0dde0a1a.jpg,[4]
3450cbeb3320d5e4f52a4c226fb37b03.jpg,"[4, 4, 4, 4, 4, 4, 4, 4]"
3458bb02560ad28fab4cb86cdb0b0fb2.jpg,"[4, 4]"
3463936827696270a7a42b683e36d9e1.jpg,"[4, 4]"
34ea119cbe04735526278b72143a65b5.jpg,[4]
34f77f24aa2def9759eb95bf937bbb7e.jpg,[4]
350a83b1671201fb202125a6ddd8cc47.jpg,"[4, 4, 4, 4]"
3518d589fbf05f96e35a59630f5eb594.jpg,"[4, 4]"
351ba6c9353711f386112ff956f4268d.jpg,[8]
3539d97d41340182f8138ac30e61e40f.jpg,"[4, 4, 4, 4, 4, 4]"
35df260224baa507a0b3e5e981695065.jpg,"[4, 4, 4]"
360aed5df4c3a0cc7f95a97718671231.jpg,"[4, 4]"
360bb15954a8bf1c73e870a7d5551cf8.jpg,[4]
36483d4f98f60b059443b30e86d38980.jpg,[0]
364a72b6a7aaa3537d8906cec380dde2.jpg,"[4, 4]"
365e84b47b9b86ed455d898e2f828ba0.jpg,[4]
3669081e5429bb2ff52560345f00b887.jpg,[4]
3690eb3644a13ccd07976a2d4ce2e039.jpg,"[4, 4]"
369e5d5d8ed882f707e718c4db9752a3.jpg,"[4, 4]"
3746a94d6b1fcce0e85a9a88412ba9ea.jpg,[2]
374a035a30e17ecb36b4990dcf50995b.jpg,[4]
37aa034d16e43d6e9c7ff3fcdc81ab11.jpg,"[4, 4]"
382632315c7400b3ae1eed539a23e892.jpg,[4]
382a52988c6ea258f31b9ac3dac3422c.jpg,"[4, 4, 4, 4]"
397eb9f75bbbcfc21e80d1ffeceff45e.jpg,[4]
39e5a821519f5970aa659e971e652da1.jpg,[2]
3a6127e5dc348ec6eea311fa6be1b4a8.jpg,[4]
3a63f4c55fe8bad1bf1c5685ff87d284.jpg,[4]
3aaf355cba401f8999454a0826254e6f.jpg,"[4, 4]"
3ac02b1f9eb39034523ed24a2af4be45.jpg,[4]
3b18edc84a69785a65a87f9cf4683d76.jpg,"[4, 4, 4]"
3bce334b1cca0548e22f70ad016f90f8.jpg,[4]
3c292d935254fc8d889130033f3286ec.jpg,[2]
3c617c5691999e9ff9d59f388a46326f.jpg,[7]
3d862124dbe71e840c23a71a2581d4c0.jpg,"[4, 4]"
3eabcefb03560f361cc8a9da3634c970.jpg,"[4, 4]"
3eac73c757f285d64f8298b5618d07d3.jpg,[4]
3fa095f18f40486c2bc0a4a4bb7f474f.jpg,[4]
3fb61bbd29dbe96f17cb31f6f7bfcd66.jpg,"[4, 4, 4]"
3ff742b9fb69a36b8671191664cd11aa.jpg,[4]
40936238732fd089dd4f0d1ad9cf43a3.jpg,"[4, 4, 4, 4, 4]"
40eb63ef7522b237c5adc4448af1b88c.jpg,[4]
41c39e59218d53bb434ea7264a9de991.jpg,[2]
41c81752b800e9bb2d6a96a76bb160bf.jpg,[4]
41d03737660fb8335694ac349a81e3b6.jpg,"[4, 4, 4, 4]"
41d30f0788ae446d77c4afc3d54ce7bc.jpg,"[4, 4, 4]"
42557b39c99d677c931605d59e7cde30.jpg,"[4, 4, 4, 4, 4, 4]"
429f04f02f3d259344bf453ed52536f8.jpg,"[4, 4, 4, 4, 4]"
42d3a5f23c5f385a0155761431c65728.jpg,"[7, 7]"
430878931c7cff1d850f0c19ae614b69.jpg,[4]
43172f201638beac4c89a9895c449761.jpg,[4]
432d52e058b8b0730d27fd894ec7a5e4.jpg,[2]
4381863d38490af3cccf85e7e00df7eb.jpg,"[4, 4]"
4387f733cd9038c5229006f71082fa42.jpg,"[4, 4, 4, 4, 4, 4, 4, 4, 4]"
43b3adc39582bce233a7d91697691663.jpg,[4]
440b2315a4d7b59c9fbc86d71b9cb47d.jpg,"[5, 5, 5]"
44115fbdbfd81fa93e0e6a3adb19bcee.jpg,[0]
4469802bc731ce3b4e3d7508631f124f.jpg,"[4, 4, 4, 4]"
449f081034d8d2f40f1aeb92b0d51d2a.jpg,"[4, 4]"
44e8d59f329c63b1960cc0751f62d6a0.jpg,"[4, 4]"
452819b1ae6ff2e6f35e2f879e2f1dff.jpg,"[4, 4, 4]"
452a214759bbf89d13fd2e74f740d760.jpg,[4]
456308ef35d8488686e7550e9aa77980.jpg,"[4, 4]"
4576de3e17fea7c63bfb0d0be4b19eb8.jpg,"[4, 4]"
459cb102ca28a85e6e5023f2ceb0f5bc.jpg,[4]
4627f492f62b7b6523c1ba2c08790c62.jpg,"[4, 4, 4]"
462bf4ce78ee8de0cf51f3767a7a3dc8.jpg,[4]
4647fc38fe0a9ab00be64408afaeaff1.jpg,[4]
464c122ff4ed5ddcfa126eee94a6127a.jpg,"[4, 4]"
468f809bce4e26f19b97ca5362cfe1f2.jpg,"[4, 4, 4]"
46b2f729cc6f9d1a5573b359e4ccd407.jpg,[4]
472ff194c0e259e1dde9cf6614502783.jpg,[4]
4783e1fa20c0401c005c10df8289dc23.jpg,"[4, 4]"
48540d1d79b4d1473dc71b8639366246.jpg,"[4, 4, 4, 4, 4]"
4871de3b79a40bcccd95c96df6e664e3.jpg,[4]
48b81c53c794b56d7754e76327364453.jpg,[4]
48c4607371a41910bbfb125283444869.jpg,[2]
48cdb62e92b78928f4f3676b497942d7.jpg,[2]
48df122f5a37b63ebb054794e79ecf68.jpg,"[4, 4, 4]"
48f3354140ebd4f7a85fee11f6337580.jpg,"[4, 4]"
495af014c137557acd195960f3272f33.jpg,[4]
49ba697b908db491b0e05ba0d2134643.jpg,"[4, 4, 4, 4]"
49bba75961d964a80c99cb229f1232b7.jpg,"[4, 4, 4, 4, 4]"
4a8080f6153cc3b7107070fa06535c3a.jpg,"[4, 4, 4, 4, 4]"
4a9f494caae7601015da827c1c5838c3.jpg,"[4, 4, 4, 4]"
4abc6121a2235fe0cd24fa6c56c8a6c1.jpg,"[4, 4, 4, 4, 4, 4]"
4b73f8d87e7fde19a49011c5aa768b54.jpg,"[4, 4, 4]"
4b987ac4217b65af2c60cbd1744a7df1.jpg,[4]
4bbf0419c85e35202dfe5f2da5a92369.jpg,[4]
4bc87a882591ae0a9baef68040b057bb.jpg,"[4, 4, 4]"
4bd5dc7933f929bc539cd2085f2a54b2.jpg,"[4, 4, 4, 4, 4]"
4bdbaa786ab013638ddeba2d2db45960.jpg,[4]
4c2b8635ff1d6ee410c66aa20e224d5d.jpg,"[4, 4]"
4cbf145b73b09e6c76889a6eded583b8.jpg,[2]
4cdbe388736e18644fbfcd5de252a8e2.jpg,"[4, 4, 4]"
4d21bcdf3014e827c9c51f7b8798b22e.jpg,"[4, 4, 4, 4]"
4d6533d18997c2ffa834d8378a85431a.jpg,"[4, 4, 4, 4]"
4ef088b2bd0042b4ac60b28cb238a353.jpg,[0]
4f414b816a87f471d7bc19ef0703a310.jpg,[4]
4f62979731fa886e6a4d012d3b07709f.jpg,[2]
4f9854504dbcfce4cf52ab6b1bc16b8c.jpg,[10]
4fa50e4a59d6fb26f54dd449020349cb.jpg,"[4, 4, 4, 4]"
4fba647ed6226ed036a6f6d857247ecf.jpg,[4]
505f718f81ebcc751a97191c6d321eb2.jpg,[0]
5174e3ac8fcf2877026521f1acc3baa2.jpg,"[4, 4, 4]"
519e6f8b6e54601f761506e7d16fd836.jpg,"[4, 4, 4]"
51d82948f1f1065f542af69c42145f2a.jpg,"[4, 4]"
51e8cbdf73d9020fc8abdc6ca700f913.jpg,"[4, 4, 4, 4, 4, 4]"
52d6976899ac017a8a6917cd5b782e2c.jpg,[4]
533190ebaa687b79f6d57ff673dd4cd5.jpg,"[4, 4, 4, 4, 4]"
5335fcd5f2f94bd4f9593cff0da9f5b0.jpg,"[4, 4, 4]"
53459508a6f29ae530a6f4466ac83b98.jpg,"[4, 4]"
5368dc4b6c2d63025eeaa2e1988c1ac3.jpg,"[4, 4, 4, 4]"
537101c9dfc4d66d4ebb02b7b9c3fb69.jpg,"[4, 4]"
53f160bc178eb0559c24801168415e17.jpg,[2]
5495d5fdd3ded0f1559b0756d2dd11e7.jpg,[4]
54b2d34de7eb4a2521e411af9127a322.jpg,"[4, 4, 4, 4]"
54bab1c9484d4efa430934e762e9a0fe.jpg,"[4, 4, 4, 4]"
550b8ad425d074ca3e4d2218d77289b8.jpg,[4]
55a83448280d68e7c6a521d8c79360f9.jpg,"[4, 4]"
5699791c95d2eb4d225628090c88a6be.jpg,[4]
56f904f8056ee4d72a5f6bbe03ea762e.jpg,"[4, 4]"
574c269b3a553d5cdda340a075a230d4.jpg,[4]
578d14658f29c05f11bff0dab4b637d4.jpg,"[4, 4, 4]"
57c3a9d1fe569e8b5573b554b588cafb.jpg,"[4, 4]"
57e49faf7c9d38d5bc39fb8c382d8078.jpg,"[4, 4, 4, 4]"
5800cbe2d3973bd3f2dded74363e87df.jpg,[4]
581bf36febbbd19a9f2d8088a5b20976.jpg,"[4, 4]"
584113a4ceda9e5ce21573450ba4cafa.jpg,"[4, 4, 4, 4]"
585324bf34625af05c3ed6a574705b28.jpg,"[4, 4]"
587d13dab5d4863f8abd5b2f1c2094fd.jpg,"[4, 4, 4, 4, 4]"
588ff74b2a76e32234575483bee0047d.jpg,[4]
589c7d413d6f544f13135bfba7108c04.jpg,"[4, 4, 4, 4]"
591762aa102de89453eabf50d577f616.jpg,[2]
594c9da614f0d5864ec01614d6899a86.jpg,"[4, 4]"
5973811fc3cf792207d8ec057c764bcd.jpg,"[4, 4, 4, 4]"
598d68b69d6d1aa8c4024d20942da804.jpg,"[4, 4]"
59aeddde0d177b322a1486c0b122ea3d.jpg,[4]
5a16e0b4d06b1c513c2432e6dae44939.jpg,[3]
5ad4619dc51664eb5c05364a229e000a.jpg,[4]
5b16b8a1e35088828c8667f7e78278c2.jpg,[4]
5b5e9056d9b65c79b39fae731ca1d56c.jpg,[4]
5b6b0a101ec562cf23932eb4b3f9aa6f.jpg,"[4, 4, 4, 4, 4, 4]"
5ba59eaae491b93fc28b7c60bd3aaaf7.jpg,[4]
5bc2b01781f84a6808a4aaad5672ca9d.jpg,"[4, 4, 4, 4, 4]"
5bc58869d24f2ac7a08886baf4ee83a1.jpg,"[4, 4]"
5be97bc022d5caf4bfe81b90bca9c38d.jpg,"[4, 4]"
5bf0c4b9b5d93c8fbc6d1175c595dfb8.jpg,[7]
5c768bb3ba8b7915e5c5225c6689291f.jpg,"[4, 4, 4, 4, 4]"
5cbf6bb6150505f3bc6f698a7c0d464b.jpg,"[4, 4, 4, 4]"
5cd3d8da828117dc2e321933099bfeeb.jpg,[4]
5d157d1943e75b2442518a7e81b17ede.jpg,"[4, 4, 4, 4]"
5d253eb327235d8f06f6bc2c918dcd97.jpg,[4]
5d885d9648ed244fcffa38bd8ba95fdb.jpg,[4]
5db241e46484f8e8c2a4ddd64dddd39d.jpg,"[4, 4, 4]"
5e05b324ccd8f7e5a46be9596fae020b.jpg,"[4, 4, 4, 4, 4, 4, 4]"
5eb24fa158816f07f3c42228d33c68eb.jpg,"[4, 4, 4]"
5f539d4239406624b9be7d51e3a8cd67.jpg,[0]
5f8839141b25f0370e92dc65c2f415c1.jpg,"[4, 4]"
5fb791a2acf8b9489273ceac8989ecef.jpg,[4]
60022e1eebc730323e79e8ae8e528fd6.jpg,[0]
604bcffec72c18e12c29c975d7f5779f.jpg,"[4, 4]"
606972e28667e2670bfef33f114ce9c3.jpg,[4]
60b49a1c691c613570149ad217d9681d.jpg,"[4, 4, 4, 4, 4, 4, 4]"
60eee3c2b0531472836fd22e7571ee20.jpg,"[7, 7]"
613263c6200892826c15e7f359a1d32e.jpg,"[4, 4, 4, 4]"
614494f369e5e60df4a1243351e12bf2.jpg,[4]
616b92b0ce6585b83a476994a6b7b2d1.jpg,"[4, 4, 4, 4, 4, 4, 4]"
616c6bd7ec341f8c4c3ff5060f4b1553.jpg,"[4, 4, 4]"
629f68b295f8dca083cddb1654240e09.jpg,"[4, 4, 4, 4]"
62dfdef28329c94d113cf3526a8788bc.jpg,[0]
62e4180a6efc9320b036467505eadc3d.jpg,"[4, 4, 4]"
62eaa5ab92a6be0019bc577210bd6984.jpg,"[4, 4, 4, 4, 4, 4]"
63294354fbd04f689d29a83ac5ceee4d.jpg,[4]
63352e0656131f18bf32a8198d265bc5.jpg,[4]
64132835bd4b3225a1da95bb4b616c85.jpg,"[4, 4, 4, 4]"
6459153790b6a5a4f10e517c1fe5e299.jpg,[4]
64f70c7bedae38c5595b0c7d8e3198f6.jpg,"[4, 4, 4, 4]"
6541eeb8c0302ae2284e8c1d87644778.jpg,"[4, 4]"
65fb74515ef30eb963f812041a6b84fd.jpg,[4]
66aaae033519ffff52eee2e8cb070ea6.jpg,"[4, 4, 4]"
671994f0860f5d6a9c25b5045de753fe.jpg,"[4, 4, 4]"
677dd32e467f0b49372258b554a8ab64.jpg,[4]
677e4dbcc293686778a1d23e67dab7ab.jpg,[4]
67af8340b0c2a30c22bd82b1ad92cb3e.jpg,"[4, 4, 4, 4, 4]"
67d071dd8b5c3f2ec11a61a681e5ca62.jpg,[4]
67e7671185332c65ae3c7e90dd74acee.jpg,"[4, 4, 4]"
68257425225a6b4b8eef7928a073cd42.jpg,"[4, 4, 4]"
683492ad7222721143ade48ce534038e.jpg,"[4, 4, 4, 4, 4, 4, 4]"
68668f4c2147d3a263e07fca7210bd02.jpg,[4]
686f4df7cc676bccaef56b8a7a637364.jpg,[2]
68f2e79a99a4b0979f6c5d73f2cee1af.jpg,"[4, 4, 4, 4]"
69374d55a6f1657c4baabf745efd856e.jpg,"[5, 5]"
6981881ba3ecbcd5552272b00a153c95.jpg,"[4, 4, 4]"
698eba4b8fc2be25f47d9c5972e86718.jpg,[4]
69e16efa8440bf3a6d83ebc8cf1e86ef.jpg,"[4, 4, 4, 4]"
6a12d83907d53781703e3521da90f4b1.jpg,"[4, 4, 4]"
6a17c471c4381cffeb530b9a78f737c7.jpg,"[4, 4, 10]"
6a533c4ab8409efa937f661257e279f1.jpg,"[4, 4]"
6ab5846cdb204ce0c3f316c0e5101d91.jpg,"[4, 4, 4, 4, 7]"
6ac1183644f6e84c9da9da12787a9a66.jpg,"[4, 4]"
6ac7ce1e528b5a0e783a990615689a50.jpg,[4]
6bd049fd1a433e15c3470720bafa834d.jpg,"[4, 4]"
6c101ec46de80b9f535fc9ba3e04c62d.jpg,[4]
6c38f9d6d40dfef7fa62b872bb7fdcb1.jpg,[4]
6c3d4998e1e50d55e35762604f9664c2.jpg,"[4, 4, 4, 4, 4]"
6c9426337e86f3c6b166b441c1a03e23.jpg,"[4, 4, 4, 4]"
6ceb16f80a9b7370a0936b3b4fc6d611.jpg,[4]
6d78af4314b37e83d002af4fe9ef3f2f.jpg,[4]
6d828fa90d486117f84ab2078224c5a9.jpg,"[4, 4]"
6d8c41669a1cf73223976b3eb2c9647e.jpg,"[4, 4, 4, 4]"
6daf4bed282f11df63d7147742a3015a.jpg,"[4, 4, 4, 4, 4, 4]"
6dbb6ecc0cc5e98c0debff8821fdaae3.jpg,"[4, 4]"
6dea4393c6ffda08730ea79fa3b38c30.jpg,"[4, 4, 4, 4, 4, 4]"
6e6fd1f8c1909d9a16ffc50c03180b71.jpg,"[4, 4, 4]"
6ebaafe7b6a64c423b0f703fea7f69ed.jpg,[4]
6f6a570e2155377e35df67f796d8575e.jpg,"[4, 4, 10]"
6f81e86a318c6ba12553c1ab038437e7.jpg,[4]
6fa6db58aad54b200b8c6a5ceb3cceee.jpg,[4]
706d5a0d6edd3b8fb10f0d78207193fc.jpg,[4]
7127e502a37cf96aabede65c9b1bd3ce.jpg,"[4, 4, 4]"
712f39c3043064d4fd1c7140fd646eb5.jpg,"[4, 4, 4]"
7162a9b352fc3320f075f74d893b4b1c.jpg,"[4, 4]"
7188e091f29b8f1e9abaaea18855decb.jpg,"[4, 4, 4, 4, 4]"
71b667359349716e7769bd4e377db5f4.jpg,"[4, 4]"
71c62d3e9e68d34c1d50e80a790e392d.jpg,"[4, 4, 4, 4]"
71f9e3168cd6f4c133fbf1009b32b069.jpg,[4]
721e1bcf794391be04d32bc79cf4c6aa.jpg,"[4, 4, 4, 4]"
7231db117e89e718901941d03c55c236.jpg,[4]
7246c732759f1fdde25a6d7444737603.jpg,"[4, 4, 4, 4, 4]"
7279905c4f907d7208731d7fddd70138.jpg,[4]
728bc83d1883b621b056ba381e1382f8.jpg,[4]
72971021effb4673ece4a6a4196b0415.jpg,"[2, 2, 2, 2, 2]"
72a315be9cd2661d1d38ce43470bff45.jpg,"[4, 4]"
72c918033db9b024e80a9bf9fa11bc54.jpg,"[4, 4, 4, 4]"
73106e51d22bab8fc9dfb949e536bcd3.jpg,"[4, 4]"
73319ff791cd1b82e9f6276dce8cedad.jpg,"[4, 4]"
734278d3feef51c3b7f72020d562102f.jpg,[4]
737cf9b9b0d00a7b002b37e95b791bd4.jpg,"[4, 4]"
7386bab8d4ee768d2dbf70cf83e69371.jpg,"[4, 4, 4, 4]"
738d03379f8c56c2025b1d6e7522c950.jpg,"[4, 4, 4]"
7396e7b355c2a5f195e78370f3c50441.jpg,[4]
73be564efcec70a26e0ce58aa07eb4a8.jpg,"[4, 4, 4, 4, 4, 4]"
73e663916ef36202322439934b5660c2.jpg,"[4, 4, 4, 7, 4, 4]"
7502e2364648c7703d5ac1aebd6ced34.jpg,"[4, 4]"
7539b4144a2c4d636dc39a4dd6b0f27c.jpg,"[4, 4]"
754633c0e0d731061fa7c45b4d543fdb.jpg,"[4, 4, 4]"
7564beba3d7cbda574ca2502d4ab4ae4.jpg,[4]
758e9f1cc7aa08b5027e5614029da39f.jpg,[4]
75a2321ef73352fa2707dd3209a64ef5.jpg,"[4, 4]"
75fe4107c23b46ca91a7986ec2e56975.jpg,"[4, 4, 4, 4, 4]"
762a7b69d647bfbba5d6ad122be6f6aa.jpg,"[4, 4, 4, 4, 4, 4]"
76d3a56f3e048d9d7724bdc9b7f2e475.jpg,"[4, 4, 4]"
771073a7bacfba481f318107532c3d02.jpg,"[4, 4, 4, 4, 4, 4]"
77799afb137910444bd06826f2b608a8.jpg,"[4, 4]"
778747a1758123cb7036dc94635f1ccc.jpg,"[4, 4, 4]"
77c01de98601411204637d6ca66fd968.jpg,"[4, 4]"
7863de2012835ae4b3133f9930783f4c.jpg,"[4, 4]"
7866d694424de55311238d62adb1f35b.jpg,[4]
78b9f4ab1e49b813b97045dea9f430de.jpg,[4]
78bf943eca591ffbdb26dce8c2a16e70.jpg,"[4, 4, 4]"
7928e8ad2e2de1a1f2f33ead7e24182b.jpg,[4]
792f55c03ce374de9732e82c59ae47cb.jpg,"[4, 4, 4, 4, 4]"
79861839a0d0a7e12808b6a0abace1ec.jpg,[4]
79edaf5b0cd4df315b498409cb8a2132.jpg,"[4, 4, 4]"
79f6596959554fbb5f807baee6e082e8.jpg,"[4, 4, 4, 4]"
7a3d2416b3795577a590c2740d184b34.jpg,"[4, 4, 4, 4, 4]"
7a4eeea135f0b77eace9cd640bc94a32.jpg,"[4, 4]"
7a79f2deba08622ee8667fe0feb37a23.jpg,[4]
7b0be25dee9890d00c0c852a047bc2a3.jpg,[0]
7b34ff51f73850a192a456215ddb636d.jpg,[4]
7b3fb6f92d63525c28498537c10d9508.jpg,"[4, 4, 4]"
7b5395d4efd0e1f67e83a370c0a5bccb.jpg,"[4, 4, 4]"
7bbcc988ad2880d2e7d0485389b57b37.jpg,"[4, 4, 4, 4, 4]"
7c1d9f1774a8d590f0fcfab0f60b3a84.jpg,"[4, 4, 4, 4]"
7c1ec663cbff4935c9943dc8b54deadd.jpg,"[4, 4]"
7c243764e568d1d3c557511bc561f75d.jpg,[4]
7c28a10f6c0bbcc2c5a188074935ff45.jpg,"[4, 4, 4, 4]"
7c6700c64e26b777aebb115b9fa48de3.jpg,"[4, 4, 4, 4, 4]"
7c90190e1b5c6fbdb6429da7c0fce4e4.jpg,[4]
7ce3bfe77234528c17a37d91b22eba28.jpg,"[4, 4, 4, 4]"
7cea3135cf9aa58c19d6522ac0b7d3fc.jpg,"[4, 4, 4, 4]"
7d5dc3786dae42c94c343b8f8ba67872.jpg,"[4, 4, 4]"
7d6428211ede15b64913abef5b10f50a.jpg,[4]
7daedba956e9bb2da3909f661f2aaca9.jpg,[4]
7de7de56e33b9e8cd80c883cb905efb2.jpg,"[4, 4, 4]"
7dee6f7774207455fcd45f98650ed759.jpg,[0]
7ffea2791e084ab9541021b00809021c.jpg,"[4, 4, 4]"
801799294966d959c46103e347f5214c.jpg,"[4, 4, 4, 4, 4]"
806700b44574d8db876e5976e31d725b.jpg,"[4, 4, 4, 4, 4]"
80d0b9f6bb60b945c170dc9ac065332c.jpg,[4]
80fd2fa58a58b9d5a744cf07f885759d.jpg,"[4, 4, 4, 4]"
813e55048b819d88d0e138b3638dc18a.jpg,[2]
81595bc55109b1d810b245fa75d2be67.jpg,[4]
81b361cba3720f4212aa8c9376daac70.jpg,"[4, 4, 4]"
81e33b53092e18376a2641d7b316ff8c.jpg,[4]
823480589d994318fbe3b7243dbe2351.jpg,"[4, 4, 4]"
82402b3a35ad0d8f95edd7652cff7c95.jpg,[4]
82ce78cbb839315b93053e7d356080b9.jpg,"[4, 4]"
833a0aa0fddd0894e432193189d4093f.jpg,"[4, 4, 4, 4, 4, 4, 4, 4, 4, 4, 4]"
83416d9cda48568c6cbbf3e88695ec86.jpg,"[4, 4, 4, 4, 4, 4]"
834a9100046c5d7faf55ee90dad932b4.jpg,[4]
8367ba5f6941689a8e0140aaa173ca69.jpg,[4]
8371808aef80ecb0dd2fea403f4d6cf3.jpg,[4]
83a5d49e97f45580e7b0e652b3d3a539.jpg,[4]
83c39dfd928b784ced2baaf188827ca8.jpg,[4]
83de97c99b11db5249e371c731832207.jpg,[4]
83fcc2bb7d7e829a7e0ceed49b370cb4.jpg,[4]
84141039dd232f8064be6ae3ad7e23df.jpg,"[4, 4, 4]"
8439d883945684ee9d55ebd19796a706.jpg,[4]
845efd4722fe64c4ad310469c7aacb1c.jpg,"[4, 4, 4]"
84a5ebed66d45af9453a44f57e33ce86.jpg,[2]
84b2caa1e4b7d9c9c9fde03d43759005.jpg,[4]
84dcb063ae2db728e24097a4b764cff5.jpg,[0]
85064ecbc6907a76f846bec1addca3f4.jpg,[7]
86ac1ca9d81d3cf917721a55ebd93eaf.jpg,[4]
86ebabd53e33c59c5c820ea16b945c4e.jpg,[4]
87027bee1053de4fdcdc61c621c2398d.jpg,"[4, 4]"
87ca1d4d0522cce9cdbce974601f0e23.jpg,"[4, 4, 4, 4]"
87df0ddbd3f53f7b53ecbe00dba37938.jpg,"[4, 4, 4]"
87ff7a592b6351fee2f1b77c7a2be3c0.jpg,"[4, 4]"
889c3072e6436d93a43885709b5876d7.jpg,[7]
88a9559cb4b0cacbb6a93b07378f4d62.jpg,[4]
88d85a75af41d520efb5c9b6e46c3c94.jpg,"[4, 4, 4]"
89246c464fbbe8d2982c826399a984aa.jpg,[4]
8946fb2621e02f006b0e5140c9340070.jpg,"[4, 4, 4, 4, 4, 4]"
89d36b3b14683cc547c658dd99c4d54f.jpg,[4]
89f1b1679d30db4b09213255390913f7.jpg,[2]
89fada46111ba3e339cba8026def425f.jpg,"[0, 0, 0]"
8a0a1f781fc46c5001cbe7523c1aa5ad.jpg,"[4, 4]"
8a5268a4b31beee946f291b023ee2eef.jpg,[2]
8a5c5316fc822bb9fdc4ac7480756374.jpg,"[4, 4, 4]"
8a80b9d483bfa995953dd085b22987b2.jpg,"[4, 4]"
8a992015e657eb7c694cbae53201dfd3.jpg,"[4, 4, 4, 4, 4]"
8b0f8daf6445bb4d5cbf711e17af2346.jpg,"[4, 4, 4, 4, 4]"
8b5d81758feb27c0d97f4a47aa5f648c.jpg,"[4, 4]"
8b84e05d2d6532cfb593357a9b422bff.jpg,"[4, 4, 4, 4]"
8b8758b155505c66ee115890eca09761.jpg,"[4, 7, 7, 7, 4]"
8b95e362aa8c3aa6e4bf0a884df387c9.jpg,"[4, 4]"
8ba8625198c22bd7adc2b0979daf1ded.jpg,[2]
8bcf7a079a4000e8334d1178d225fc7d.jpg,[4]
8c0d3f074a9f17924a1f7c44cd113ec4.jpg,"[4, 4, 4]"
8c3c546b378750435ec29ccf75107377.jpg,[4]
8c575fe751fe8f08d208e3c95aa3bd6e.jpg,"[4, 4, 4]"
8c60e3f86e9e2c24bbd3653f10b3b4f7.jpg,[4]
8cc0630c05a990383d1264b85c4819bb.jpg,"[4, 4, 4, 4, 4, 4]"
8ce235f2f4a60db243dbc795202b6a2b.jpg,[4]
8d6f00c554b9a18b69bad4c51f0dcee4.jpg,"[4, 4]"
8d71a1964aaf3eddf2a18436cbc3269d.jpg,"[4, 4, 4]"
8db9478efb41b5a7f44b91589a743cf5.jpg,[2]
8edddaea5f962741b131f93f2a760fc3.jpg,"[4, 4, 4]"
8f1e5e351b73cbed5a015f636cf57792.jpg,[4]
8f41a2acc8ebbabd0ff794d2c20c572a.jpg,[4]
8f6ff469174e3f9e1063a3fa6305cb21.jpg,"[4, 4, 4]"
8f93ded5771ccfb2e13548e483ba0b81.jpg,[4]
8f9ce5f36bb46aee097bb078105ce51f.jpg,"[4, 4]"
8fba441090a5db48d61fdfe9f8f31f2e.jpg,[4]
8ff6ac26e4cec2c7cd157f0d455f5711.jpg,[4]
906fb46d8eca2bfd3c70dafd1aa0ded4.jpg,"[4, 4, 4, 4, 4]"
907a2d4aae80efcdc2fe7906dbb383b9.jpg,"[4, 4, 4]"
907dfbd48b1ff50009d698c09161c9a0.jpg,[7]
90aac98797c192632baf9c62c348bfcd.jpg,[0]
90e1d5818a74e539c2496215b057027f.jpg,"[4, 4, 4, 4, 4]"
91335d46776a74689f8b7e1e6e02af57.jpg,"[4, 4]"
91644a0a046b0c3c7ff22ae3056100b2.jpg,[4]
91df8e57267f8953cf14bc68f15e3c64.jpg,"[4, 4]"
926a06f180036fdb92ac4fd63f2a3dec.jpg,"[4, 4, 4, 4, 4, 4, 4]"
92fde8fdd621998d33ec5688a29dee6f.jpg,[4]
933b1ddc4057e253cc6315daf1346ab9.jpg,"[4, 4]"
933b4e4b9c8e8e1e5c45f40d63370bab.jpg,[4]
93473b7b47f2f32719f4142304787ebe.jpg,[4]
935046e0578895626171d970d24be60c.jpg,[4]
936ac2b3588545625194b0bc06176d82.jpg,[4]
93e4898ea57e7f455fd87c8a412e4b2d.jpg,"[4, 4]"
93f39e140d0004eca7792bd8f9baa2d8.jpg,"[4, 4, 4]"
9412019ef40f9d6f765b83abfbf7ad14.jpg,"[4, 4]"
945c61a0efb006c9c810bd5ba901dc54.jpg,"[4, 4, 4, 4]"
9478aec96fa8c96f36495219c11463f4.jpg,"[4, 4, 4, 4, 4, 4]"
949e38bc159069a00121e60ed145f4ca.jpg,"[4, 4, 4]"
94bcdccef68613c48b36fde0d44d6541.jpg,"[4, 4]"
94eb46f1c3c9029afb23d7257b5082f6.jpg,[4]
94f32abf89ce8990e8ff208b0f05c227.jpg,[3]
957776532af854db3b32defb46c3cf7a.jpg,"[4, 4, 4, 4, 4, 4, 4]"
95aa771ca1e58854c2b007a79d0f5fa2.jpg,"[4, 4]"
95b5955a353fee0ffa6a97c9afb0bea5.jpg,"[4, 4, 4, 4]"
95c1bc211d177464806a2b95887202d5.jpg,[4]
9625bf201400e3a7d5af742adc92d1d0.jpg,"[4, 4, 4]"
9633437a5039f6d2e6b6fa73c1d19aa7.jpg,"[4, 4, 4, 4]"
9641031a5c21147a4f59f7df96998134.jpg,[0]
9676e42d0de73ab753ce2db2e42ef437.jpg,"[4, 4, 4, 4]"
96d3ea67c75d4695f5a10747751a7cf9.jpg,"[4, 4]"
970ae101fc13743cd3926eaf01b72d52.jpg,"[4, 4, 4, 4]"
972db17ec3df00e12f717fc0e5b24a4e.jpg,[4]
979684dc6c7d20e709cebaa51490e91f.jpg,[4]
98bc8ed41ba9020b273d7e6ae76ddb74.jpg,"[4, 4]"
98e2a0cb28f1f6bd3dc03bbb4871a569.jpg,"[4, 4, 4, 4, 4, 4, 4, 4]"
99046bfc0afe764bd54728ca948b61ac.jpg,[0]
991ce232d32e86757b06fc6700c3797f.jpg,[4]
99250c56ea3988c5a6d2b9d6e2845aeb.jpg,"[4, 4, 4, 4]"
99463049c2daf61549ec91f04ca3401a.jpg,[4]
996ddc7d907d061c7f683c71f59b34f9.jpg,"[4, 4]"
99ee5ef17c37a2312854967cf6547298.jpg,"[4, 4, 4]"
9a00dcc791c433a98ae25d8966883b94.jpg,"[4, 4]"
9a0323e220914088050d3a82489c3d16.jpg,"[4, 4, 4]"
9a908363a75c2fc7ec125b00f28405ab.jpg,"[4, 4, 4]"
9b126e611fc34757f48131fae424f97e.jpg,"[4, 4, 4]"
9b39d91113b05558b5213353a8d1331f.jpg,[2]
9bc8a4e03321882a930ae43ba805d9a7.jpg,"[4, 4, 4, 4, 4]"
9c3329d4e2cb2fde0c7ab30190b0dd67.jpg,"[4, 4]"
9c7dea31fe5f91209449c10fc6fa94d2.jpg,[4]
9c889faa821ba338c6ea178ca9b592c1.jpg,"[4, 4]"
9c9c758e90a794094509e1fc7be0e582.jpg,[4]
9d06509575378d043166fcb536f7bb9f.jpg,"[4, 4, 4, 4]"
9d7736f42a8f6927aaf19ccacded20f9.jpg,[4]
9e24bbdae2f1578446eb64de2ad40382.jpg,"[4, 4, 4]"
9e4257b1508f329cb122ac8b97b2f860.jpg,"[4, 4]"
9e50d9b415d0824919acc25dac9aee9d.jpg,[4]
9e9c410558f9771927072e3df9c97cb9.jpg,"[4, 4]"
9eab0b3a986b4ae7a047ca350b0c282c.jpg,[4]
9edaad460d4293e7758cb9b28b9f81d9.jpg,"[4, 4]"
9f19c4afb0ba2166d23956525f2cbd0e.jpg,"[4, 4, 4, 4, 4]"
9f1f2456e39ac9721944493d064f8fd1.jpg,"[4, 4]"
9f39480dd89905de8a89c406c11ae555.jpg,"[4, 4, 4, 4, 4]"
9f65a94b21d60cee9908ef5d29673c58.jpg,"[4, 4, 4]"
9fdc450daca6c9c2c526f1374482c5d4.jpg,"[4, 4, 4]"
a0c093afa5716db10f7d7284dfa578b7.jpg,[4]
a0f0348727d5b7b23240280c456b1a54.jpg,"[4, 4, 4, 4, 4]"
a112541ad06456209315a10c2d715b22.jpg,"[4, 4]"
a1161d7db50dc908e664118c9deb09ec.jpg,"[4, 4]"
a13b23a0b68c56edc34e017f4b3333ba.jpg,"[4, 4, 4, 4]"
a170cd8085629d9fff72c031ba00d7a9.jpg,[4]
a1ad50af5b25e485e2204273e44a9bc6.jpg,"[4, 4, 4]"
a1afbb10b435e3f2aaa69b337a07423d.jpg,"[4, 4, 4]"
a27c84afca525928df0b7913239b3008.jpg,"[4, 4, 4]"
a28f753dd2ef9034c6e911601430d660.jpg,[2]
a2ca74192f6bfcca70717d35ae5d5607.jpg,"[4, 4, 4, 4]"
a35cb0606bd86246d8ad895500b91ab5.jpg,"[4, 4]"
a3a27f440c31b809c9c5cf462d5bf211.jpg,"[4, 4, 4]"
a4022e05023a8c4469cae024e4a77957.jpg,"[4, 4, 4]"
a40b934ebb8177ae2fe7bdca93911fd7.jpg,[4]
a4603d2690e830b8aecd579a073b691b.jpg,"[4, 4, 4, 4]"
a499c7b9e392c55f942606bb89f2bd10.jpg,[4]
a4d77a7e4df86a740e5a01d7f25f3cfa.jpg,"[4, 4, 4]"
a4da444a66a4071ee872c98452d26946.jpg,"[4, 4, 4, 4]"
a4e6a65e580bdae2bfb4632251de9803.jpg,[4]
a4eadd5a145c4a278d58a25e2a5e0922.jpg,"[4, 4]"
a5701108d046ef8819af0d65a4ad38bb.jpg,"[4, 4, 4]"
a59353d45eb22f89e0c73aaae706dd3b.jpg,"[4, 4, 4, 4, 4]"
a5ac06bc7db4e0dc568227a293ea48df.jpg,"[4, 4]"
a6104eb633f0ef474102178c72ba3bd2.jpg,"[4, 4, 4, 4]"
a69d9b7a380a5715b5020ec4e3b0e86d.jpg,"[4, 4, 4, 4, 4]"
a6b5af9cff31305e1090554e8aee9ff7.jpg,"[4, 4, 4, 4, 4]"
a6be665b1bc58770571649155cfb59b3.jpg,"[4, 4]"
a6c5a7cfc8a91a6779066df9e2d9df1c.jpg,"[4, 4, 4, 4]"
a6e04d45cbecdf0dcdd59e180ab89aa7.jpg,[7]
a714dfbd53672122c1afe401a333ecc8.jpg,[4]
a74ce7b3697d03b23ac9c38b783f3f7d.jpg,[4]
a7e9450f7ca01da6619e3785b8144089.jpg,"[4, 4]"
a7f95261f069f2299980eeac5fe19582.jpg,"[4, 4, 4]"
a805aecd704004433c84908cb3aa09cb.jpg,[2]
a837318d2dee23ee441c9cf7687bc649.jpg,"[4, 4]"
a83bdea53cef15d88d20d0ce3b6f1a7d.jpg,[4]
a843e9b161758099c6adaac4d2373759.jpg,[4]
a86ca4a26183023c23560b74320253b1.jpg,[4]
a9448274039c7e83ca5320f763a65d4c.jpg,"[4, 4]"
a963aef79dd130334f3b1617198e2921.jpg,"[4, 4, 4]"
a96d10bac79643ce3b6f955dcdb9d5fd.jpg,[4]
aa1b16df3153cbb469cd447545eb4544.jpg,[4]
aa6363a32625704d53967ef849c3a713.jpg,[4]
aa8363d84227233018aca30af63c4dd4.jpg,"[4, 4, 4]"
aaab4121db9bad59932cf3043753bddf.jpg,"[4, 4, 4, 4]"
aad6a49fefd62b7dea3a340201dae89c.jpg,"[4, 4, 4, 4, 4, 4, 4]"
ab00d10b53d6bf8a10676a5b98944e45.jpg,"[4, 4, 4, 4]"
ab14cf5f455ae8b6d6649861ebebd633.jpg,"[4, 4, 4]"
ab3525c3fca606da6e645e216e9ba2c9.jpg,[4]
ab44f6e42c8845da09511406e1f2821e.jpg,"[4, 4]"
ab4e1837e54d22582eea05425bdb61b7.jpg,"[4, 4, 4, 4, 4, 4, 4, 4]"
ab839e9b76d032bba4838c0719a4857f.jpg,[4]
ab8e1dd8d415e17ab646bc3fb59c8b40.jpg,[7]
abf82539214b3da87bf65d49b5535f02.jpg,"[4, 4, 4, 4]"
ac4e3d3eb076c69187e684543a7a96de.jpg,"[4, 4]"
ac5332c2528de6a331bd95e12a9f5429.jpg,[4]
ac661ce96359e4a52d8b8844b43376b5.jpg,"[4, 4, 4]"
ac6629b73c2989969310cc665ea95b0d.jpg,"[4, 4, 4, 4]"
ace1a6e7134ec6ae881b422a57ed537b.jpg,"[4, 4, 4, 4, 4]"
ace6aa6c1a1f33a5b6ffdbe258701381.jpg,[4]
ad173f3a9b7403f69b0240b426bb01fb.jpg,[4]
ad2715da3d182fe378621620f5d1a389.jpg,"[4, 4, 4]"
ad38d0933b07ff5118d3415bdcc2cac7.jpg,"[4, 4]"
ad62c5dadcf94f074f7437c40b36a688.jpg,"[4, 4]"
ad6320d0508d59a037febe99191aa0d2.jpg,[2]
ad7223e4dfa77fd0ae9518531265cccb.jpg,[4]
ad73024702a86ceac35ae439097fd6ac.jpg,"[4, 4]"
ad78372d1b6ba4e456a9c0c777c33fc2.jpg,[2]
ad8cdf6062236cb7c192c72fbe6bf3d2.jpg,[4]
ade23fb364c779076ed25cd8589166ba.jpg,[4]
ae1e6137df565483b66c26db3362581b.jpg,"[4, 4, 4]"
ae83c5625f25d63d856bd37b4b0555f3.jpg,"[4, 4]"
af01cf429a2b2effa428007777b46583.jpg,"[4, 4, 4]"
af46450f0db9ca98908e0d71909f50f7.jpg,"[4, 4]"
af5b33ff0b9c98661630a499d26a9b62.jpg,[4]
af9a58175d87013ea24d6ccfc667a7a6.jpg,[0]
b014a4215c96b8786359bf05dafb5330.jpg,[4]
b0617e9870c9e8d5460356cf0658ab0e.jpg,"[4, 4]"
b13b3e3467533d0b12b5a3f351134877.jpg,"[4, 4]"
b18622202031b302779a66e1e3bdc033.jpg,[4]
b1c4261ede5fb7f8f148d8ef1e369c36.jpg,"[4, 4]"
b224e127770881f2cfcfabd231fbcfa5.jpg,"[4, 4]"
b2a06896fc9a87517759abe9ba0eb207.jpg,"[4, 4, 4, 4, 4]"
b2a76c58dc785070e2bb6a1149718d7c.jpg,"[4, 4, 4]"
b2bb5fcad11551019a55952e1cfaad9b.jpg,[4]
b2c64a92f362f00bdb74f515b0be5cab.jpg,"[4, 4]"
b2e7ad6e4ab2d5affac899d257456a23.jpg,"[4, 4, 4]"
b2eeac2b8f64accbd751edbe91ce4a76.jpg,"[4, 4, 4, 4, 4, 4]"
b31b006f0eb6dce3ef2338a8c170ebfd.jpg,[4]
b32af6ec7ec0ed7cc274d3d23e8aba37.jpg,[4]
b34047c53cc455dbc25e83b89139b75a.jpg,"[4, 4, 4]"
b397882a73a42edc945d7526b8b19f5e.jpg,[4]
b4576de3bc7358c5107199e7839d0394.jpg,[4]
b48fadb3eac7c2dfc1da80be4bc9fbf2.jpg,"[4, 4]"
b4a2fbe0cdb18a8a096561e1bc900c41.jpg,"[4, 4]"
b4d8a8d8dcbb7f9e5e837464166130f1.jpg,"[4, 4]"
b4de6aec5435970c2ca3a4e61059135f.jpg,"[4, 4, 4, 4]"
b4f415a5fe18286634b61a65e3923226.jpg,[4]
b5084c81f6dccd16d3749e9d4a76afe0.jpg,[4]
b518ab2d608ba3e124dc421e35519d1c.jpg,[4]
b5b2eee31bfdf0aef5820e9936cdca5c.jpg,[4]
b610128214e562eac3c788a7322f2776.jpg,[4]
b620fd769945832dae60bf288c554bef.jpg,[4]
b65172f14cd5f48899a614f3b3c8e177.jpg,"[4, 4, 4, 4, 4, 4]"
b68c5b516bb7ff5d3512987f2d4d28c1.jpg,"[4, 4]"
b6c51082e8fcda21221cbd628a7b2124.jpg,"[4, 4, 4, 4, 4]"
b6dce29788513cd78f4e4bde60878310.jpg,"[4, 4]"
b75835f0eba68ac0725917734fa210a1.jpg,"[7, 7]"
b7590616c4ec4800ef4601fb7dedebf2.jpg,[0]
b7b4465c0718205725a324ac0d948669.jpg,"[4, 4, 4, 4]"
b849fc4bce3ab423d2e937dd8f961ce2.jpg,"[4, 4, 4, 4, 4, 4, 4]"
b86abed6e82277061590ecbe7a7d2e4a.jpg,[4]
b87678dae4272e787e5ec21095f0efa4.jpg,"[4, 4]"
b892f6729d8387399f356ec58d2ba1e0.jpg,"[4, 4, 4, 4, 4]"
b8dde01eda40cbc27b11843485d4bfb9.jpg,[0]
b91c221c5eb1530f9e98e37e983ad62d.jpg,"[4, 4, 4, 4, 4]"
b9944e3f38c110534d33384d463a663a.jpg,"[4, 4, 4]"
b9ac09229a274001cfcc44c0156a29eb.jpg,[4]
ba5ae4fa250f6fc339a02c06d010bf3e.jpg,"[4, 4, 4]"
ba91a0c500ebdcceefc38483c99f67a1.jpg,"[4, 4]"
ba986ddb6ed9b192d2f4f15df85e866a.jpg,[4]
bafd1513270cbea83cadf9002a8048a0.jpg,[2]
bb91bcf4a63f4346d2765ee73d56f7ad.jpg,[7]
bc1dacf2edf2b295265edbfd5a146ac5.jpg,[4]
bc2e9e57a48ebccec901fb8a3822a1eb.jpg,[4]
bc9cce9c4c5567e54df50b03e7c3d866.jpg,[4]
bd16fafe22290fcc052e646c694711b4.jpg,[4]
bd4af44ec91565e1c31b498cfdeb58e9.jpg,"[4, 4, 4, 4]"
bdc47ff539597e6c9a31976a1d963cda.jpg,"[4, 4]"
bdd4626e2559e7d1522c97b3aed11366.jpg,"[4, 4, 4, 4]"
bde449a4b324065a5ddd37bf382c17b0.jpg,[4]
be37dafc522bb650a0821c4b031fcb9a.jpg,[4]
be52aa6df1a41b690444c6fa2d54ae13.jpg,"[4, 4, 4]"
be6e5c4688c4ef974a6bf5c1cc50fb8f.jpg,"[4, 4, 4, 4]"
be73198259b72b2ad725c3a92043a513.jpg,"[4, 4, 4, 4]"
bef1086c3c430a0659c56a49bc773198.jpg,[2]
bf59a7c2458fd10d5fbd0bc96b742fef.jpg,"[4, 4, 4]"
bf8e97af7191dc79cc80cee2c331d609.jpg,"[4, 4, 4]"
bf9f4d83611b9c24745ed2c84688b3b5.jpg,"[4, 4]"
c03427b88d53b8c6c022e277037531e1.jpg,[0]
c0f7c6d6e8dc72bdb616a96ba1431813.jpg,[4]
c0fd602689c8780106ef518806deead2.jpg,[7]
c1126a51529a7a4ebd9dddd474bb7635.jpg,"[4, 4]"
c1262991e9f0de33578d4f75833a35a5.jpg,[4]
c17aeb12753c24b61de85d8bf26fb9da.jpg,[4]
c19325a1558841e4def3ecd7b5b6494f.jpg,[4]
c1e5bbd8511b48d6ab5f4a3064d901b4.jpg,[7]
c21ccbc307ac54cbef15221c557464be.jpg,[2]
c2ad00e082ce11e0383d286d69477868.jpg,[4]
c2d26accb76989ce57d563e65045f382.jpg,[0]
c32ce5ebb3e62c92c82891a9090ab433.jpg,"[4, 2]"
c33bda14a488b42fb3364e6e8964b196.jpg,[7]
c3983e130514b206c08f6c3eb2e3bba8.jpg,"[4, 4]"
c52f2bfa54ddaa72684d1a5de7eea887.jpg,[4]
c59e81a5924d1bd3e00334700ec81bb5.jpg,"[4, 4, 4, 4, 4, 4]"
c5ea304ff11a20d500a40121472445ad.jpg,"[4, 4]"
c60d7166575594c2a1b81b986c1d3448.jpg,[4]
c6152be032fa52b767be04d83336488f.jpg,"[4, 4, 4, 4]"
c616406d1d8b8da84f9cfb4a3d040c5c.jpg,[0]
c61d71ee48243c47ef335ac5223cf102.jpg,[4]
c6447aed31611c3307c8c08ac0467e23.jpg,"[4, 4, 4, 4, 4]"
c64d761c87c65eac2b2f3d9972982693.jpg,"[4, 4, 4, 4, 4]"
c67dfdefa2bc5d4cb7abbc6a9f8dcdd2.jpg,[0]
c68377da040b35db1099a27b8c637ff5.jpg,[4]
c6c6565d9e8540f4a7459f7527c74d1e.jpg,[4]
c6d704d402bc49040f2b7427baa7f07e.jpg,[4]
c6ebd1a0f282c1d9877e42e8697653b2.jpg,"[4, 4]"
c71b5acdc1125a6e3ccb1bd1670ee5b6.jpg,"[4, 4]"
c71e0c89f1516ae7e86e41ff5deba1e3.jpg,[4]
c72a2b8bdc9941955803ea59b2299497.jpg,"[4, 4]"
c7425854a84f19ff323fe4629d61ceb9.jpg,"[4, 4, 4, 4]"
c7448295cb9d3cf4a09e6a246947c35f.jpg,"[4, 4, 4, 4, 4]"
c79dfc222dbceaa17e6346467a92233e.jpg,"[4, 4]"
c7cec1557024f9864dd4d540ec81e3f1.jpg,[4]
c7d8789a672eddb5fa7eb1f11a6420af.jpg,"[4, 4]"
c87d2b57e13212a3b723932841206b3e.jpg,[4]
c88456e4a6da90dbb07d6057949e1019.jpg,[7]
c8e231722c673da2cf5d8ccbe5daec09.jpg,"[4, 4, 4, 4]"
c94b2ad0302562a41d0a0921a3040ef9.jpg,"[4, 4, 4, 4]"
c97df7919083cdf772647ac118720b9d.jpg,[4]
c9f59df6a590418665d7a1f501e7daa6.jpg,[4]
ca2327c2f2ebd524d120c66e45d59a1e.jpg,"[4, 4]"
ca5e082bfe88754606c65ba0d068167c.jpg,"[4, 4, 4]"
ca893350922b81e5af361dcfb6a2d97a.jpg,[0]
ca942571d785787c19c204737cff5d84.jpg,"[4, 4]"
ca9a0e95bf16351a630127567abf20f5.jpg,[2]
ca9ad86fa1b2580f769a81c57ecdfe4b.jpg,[4]
cad19978d13b9d7d0c0754a287a29147.jpg,[4]
cad3fa78a0a0677cf354f505d04f7070.jpg,[4]
cafea5013efae72226aafb18e8f25809.jpg,[4]
cb3261fe7082f5fef40d2168b1a80ae5.jpg,"[4, 4]"
cb712aac0f6028b368253e8b297ad692.jpg,"[4, 4, 4]"
cbc51ac48e7d68a22d17837af794cffa.jpg,"[4, 4, 4]"
cc70a2bc3575347ca900b9119fac1976.jpg,[4]
cc7bc83d04f33fbed06195e3691bc676.jpg,"[4, 4, 4]"
ccd930a62979981a48c7d6b2014807db.jpg,"[4, 4]"
ccf0d917c8f4fc152623af5d6d13b104.jpg,[4]
cd1bdbe2ff982b3bae284877213015aa.jpg,"[4, 4]"
cd29556b00461b6c7589edd612e85713.jpg,"[4, 4, 4]"
cdbc12f2e1db2b6940d5ba533f75aa4d.jpg,"[4, 4, 4, 4]"
ce15b4b522cffe70d5816fdf5943c78e.jpg,"[4, 4, 4]"
ce5dea4c78e76dd324d5f42b8d60e8d2.jpg,[4]
ce79f0826ac6e96abbf0b03b911341ee.jpg,"[4, 4, 4, 4]"
ce7a41661d90addade6af88390a7db8d.jpg,"[4, 4, 4]"
ce7d07eb45037693760b08e3bf7258e6.jpg,[7]
cece0365be8b96a768fe973f0a97ac3f.jpg,[4]
cf12719174a147607b78a67546029f1e.jpg,"[4, 4, 4, 4]"
cf4771686103d03e266793aabcc6ddbc.jpg,[4]
cf6ead0333c4dc752ff5aab7fac80733.jpg,"[4, 4, 4]"
cf91e1f58cff6cba07aafa147802532f.jpg,[4]
cf9bf20c1e94d0ffb7e6439ed40086a5.jpg,[4]
d0052bbbf2f4c7d306155f563504856e.jpg,"[4, 4, 4]"
d02f6500faa1ecd2c25e79b8412457f7.jpg,"[4, 4, 4, 4, 4, 4]"
d0678d6e1c75af6cc613b1913df26225.jpg,[5]
d07b063a0f6e9e0c11b75e67875fe1fd.jpg,[4]
d0d61b5d0f7cf4dedb751f2657eb6dd8.jpg,[4]
d0eb61899b877d48424e2d58c1e240a9.jpg,"[4, 4]"
d0eec70685090878613efcc38a8157ad.jpg,[4]
d10073310ba77fbdb6bef6f4716b8e5e.jpg,"[4, 4, 4]"
d10ade0240e3f045b43fb9246ea3c97a.jpg,"[4, 4]"
d11095a1da0a6162316f0ade1f5957f9.jpg,[4]
d120e6c7b34ba85c681b7ea51d132d4e.jpg,[4]
d149e802734101dcec789546e296c1da.jpg,[4]
d19f40ef9c9eb7aaa419515a1f5f4ad1.jpg,[4]
d1a85181a9628de76ac7fe385e9efc51.jpg,[2]
d1c53629917ef78d6a8f3968dbe4318b.jpg,[4]
d2319ad5a206aca045044388290e0d59.jpg,"[4, 4, 4, 4, 4, 4]"
d2390cf6d580c360e484ffce9c6d9cc7.jpg,[4]
d25170bb98da70c02a75fb92f7244c0e.jpg,"[4, 4]"
d25e4d1110c2929140a755e4ab9a6eb1.jpg,[3]
d279bfb10fc775dc4bea204489933b45.jpg,"[4, 4, 4, 4]"
d28e97768a69863659eb3978ece2cb15.jpg,"[4, 4]"
d3464300d517f311e832294fcbcc756b.jpg,[4]
d353b0fe069969564a9881557b88c0c1.jpg,"[4, 4]"
d36b0730d245cdf28cd0f1c1890c7eba.jpg,"[4, 4, 4, 4]"
d3d571f522bc3da144d9389f57225fa7.jpg,"[4, 4]"
d44a7b16f48c021be05769f04b2860cd.jpg,"[4, 4, 4, 4]"
d52a1d651319031e2dadca61dabe46eb.jpg,"[4, 4, 4, 4, 4]"
d537e3dacb74445729751d92316a6e43.jpg,"[4, 4]"
d540a9a121a2c1e393a509dd267b4ec2.jpg,[4]
d54a91d37b67fe95d737904c698ed617.jpg,[4]
d5544adbca3b574aebb9f2397fb5576b.jpg,"[4, 4]"
d558d92af4b19f9ac6dde6e2b8388823.jpg,"[4, 4]"
d56476c16d9f25aa0742e733743ab902.jpg,"[4, 4, 4]"
d5eb4761b085121e3ed62691fbdaa510.jpg,[4]
d5f9f687be0f518112ec62bdc855f6c8.jpg,"[4, 4, 4, 4, 4]"
d6133973a0581d5b2dd85b5bf9cef02c.jpg,"[4, 4, 4, 4, 4]"
d712a1fd2f301adb64fa31d3241d33cd.jpg,[4]
d757f630d3dc9521e75831020f505125.jpg,[4]
d76e949786d429d7523d13cdcbae0156.jpg,"[4, 4, 4, 4, 4]"
d7d1da7dcfb75f90475e3244b8549fa1.jpg,"[4, 4, 4, 4, 4, 4]"
d813bf7f4be10fe2308b065029d66550.jpg,"[4, 4, 4, 4, 4]"
d865d8edb69aa409ba1224b4adfd4a1d.jpg,"[4, 4]"
d8d1c8550bec4915ef02824b957d3265.jpg,"[4, 4]"
d8e3a9a63548c505d7bc75da1f7ee535.jpg,"[4, 4, 4, 4]"
d8f0acb07d2bc40b5fbdd36c17ebdfd9.jpg,"[4, 4, 4, 4, 4]"
d92d709bec0ebab8e0eb195fcea2c182.jpg,"[4, 4, 4, 4]"
d99df1a817fb1a173a4698745836c4fc.jpg,[4]
d9c3c5a65f4f4c2a2bd8cceeebe92ab6.jpg,"[4, 4, 4, 4, 4]"
d9cc3c9acb100a8d09ee453cb6ff36a3.jpg,[4]
d9eaa5589c84f1dc5bc76ee3ac052c24.jpg,[4]
da6300207708508927456b6239fee991.jpg,"[4, 4, 4]"
da73a9acfebe2e76afdb10661aeac120.jpg,[4]
da741e48c89646c50dbca1ddade710a0.jpg,"[4, 4, 4, 4, 4]"
db0e5d13d26071f466809efc8067fe9a.jpg,[4]
db28fdf0199e22b1ef795d6d4cad35ba.jpg,"[4, 4]"
db2b1b377c2e4937ba95d2db8b5564c9.jpg,"[4, 4]"
db6742212105b20e9585e59aa231e93d.jpg,[4]
db769ce7d0414725413e2c5e07eefc34.jpg,"[4, 4, 4, 4]"
db8129fa0b9f60020d45eaebbf1caf08.jpg,"[4, 4, 4]"
db9c29d5491d7d2363b14bb8d459aeea.jpg,"[4, 4, 4, 4, 4, 4]"
dbcce6e4328a937c0c6e66eadb97b424.jpg,"[4, 4, 4]"
dbfc319364fdc777df4e97e1a6e0d4a6.jpg,"[4, 4]"
dbff9fd3827b430baa0ef9214d78080e.jpg,"[4, 4]"
dc02f2ac0198a71eb80aa5b339ce9034.jpg,[4]
dd68663d6531f78ceb2069da66e0f005.jpg,"[4, 4, 4]"
ddc453fdaf214185dc703ff6281fd24a.jpg,"[4, 4, 4, 4, 4, 4]"
dde81ec8e90880289e9ada612baf02d3.jpg,"[4, 4, 4]"
de04d884d3cebff77b01c14d4e787448.jpg,[3]
de8c1b34efab43b9489af9acf0e4dca1.jpg,[4]
dec0438512ab328da52e60fbc9257541.jpg,[4]
dec1e3dabc37534ea7dd6173c5c215aa.jpg,[1]
def68bb85632505a93784bdefc543cdf.jpg,[0]
defe552764b7778f2e59c1894585cad9.jpg,[4]
df27c11380db9f6a3b78d0edcc7aa561.jpg,"[4, 4, 4]"
df334f4ad9ff07385660bd7830490da3.jpg,"[4, 4]"
df4e53731d17b438938efdba8f7e4ad1.jpg,"[4, 4, 4, 4]"
dfc1eb20c5250a668c482ad92eadd978.jpg,"[4, 4, 4, 4, 4]"
dfefd545304059f238aaa259f4ee3e2e.jpg,[3]
e0238ee8ef2e62a37835df1be5f4f523.jpg,"[4, 4, 4, 4, 4]"
e05147a9a71507798d91d5f37ecb02fe.jpg,[7]
e07de2d81df5b54e282c90446a176ec7.jpg,[0]
e0aa6da6ff03c122b21d38845c281982.jpg,"[4, 4]"
e0f87f2e41f32ee9617f2da9f70c8aed.jpg,"[4, 4]"
e151124558b56a44aba9d51e3c5bdab4.jpg,"[4, 7, 4, 7]"
e169f8402a9de819e0903fc0ad4caad8.jpg,[4]
e16b8e9b1bee0cc75f7e48dd3a49c17d.jpg,"[4, 4, 4]"
e187d19a025816f69b190d3019e0802a.jpg,"[4, 4, 4]"
e19714689e9316192bb995b4e59be577.jpg,"[4, 4, 4]"
e1b771cc7eaf5680b7c3821792dd8664.jpg,[4]
e1e643d9dd691e5d6af4ca03ddbf7896.jpg,"[4, 4, 4, 4, 4, 4]"
e1f884c242ae21ac109c0e3470d1c3fa.jpg,"[4, 4, 4]"
e1f9180591ad315c19f85ef683a9dca4.jpg,"[4, 4]"
e21bad0046fc3bb89603133ead993322.jpg,[4]
e241e38c31e6f8c6fbdb81e311c0dbe0.jpg,"[4, 4, 4]"
e28423a3c925c9b5f0eb6e5299a323db.jpg,"[4, 4, 4]"
e2a69afd1be4b2122142d5f30149ef34.jpg,"[4, 4]"
e2b06fe3c68ba09be88a5ccbbe82e9d2.jpg,"[4, 4, 4, 4]"
e3027adccc8a43d084e947fd15a6081f.jpg,"[4, 4]"
e38d7ca9b2fde38f9f161dbb23621cdd.jpg,[7]
e3ab582c56b831875c9e23bddef5ca5f.jpg,"[4, 4, 4, 4, 4, 4, 4, 4]"
e45d726931ab2820e1cc6a76a56d42f0.jpg,"[4, 4, 4, 4]"
e489726fa4b11c71787dce4ca6f705d5.jpg,"[4, 4]"
e4a8e99bb11ab2c9343080f8f2d8eef2.jpg,"[4, 4, 4]"
e5102edee17a3d16c4e9b5d6f995cf4d.jpg,"[4, 4]"
e537f7c002094c51fb50699d76090355.jpg,"[4, 4, 4, 4]"
e58c69e74ee8ce0cbb2858bc476bf7c6.jpg,"[4, 4, 4, 4, 4]"
e611b29b59899cb1511a8532ccb5da34.jpg,"[4, 4, 4, 4]"
e659b8b8d6b67da9148efc66b41d9346.jpg,"[4, 4, 4, 4]"
e6767fa51833e7dd07ea87a81e3cc686.jpg,[4]
e6abb31f60b2de0dab6afd48c686d77d.jpg,[4]
e6acfca0821bc396b99948b4f72a64e2.jpg,"[4, 4]"
e79a3fa81018fcff730e8cc799b5e0b0.jpg,"[4, 4, 4]"
e7c910bec16c118c83a8ae172c0fbe2c.jpg,[2]
e7d391d895be06162339418eb0ded82e.jpg,[4]
e7e51ae22fa6f1bfd1f14f9797876700.jpg,[4]
e7e807de404ea30c4daecd5b30cd525e.jpg,[4]
e83457b53a7530bd4a21a27a6419bfb2.jpg,"[4, 4]"
e89a52e60878662343bf24ad96b9742c.jpg,[2]
e8b370a54bf47a18549495bd537bcfa0.jpg,[4]
e8b96162472f18f4844c9ab4adf21bad.jpg,"[4, 4, 4, 4, 4]"
e90f010b15482ee778a4069468482b9b.jpg,"[4, 4, 4]"
e90fa3a8fe08d83c0ea88653025e80de.jpg,"[4, 4]"
e932aae31ea8d8a74af2c740969528c9.jpg,"[4, 4]"
e94edaada1c21d20b42b0db312921bd4.jpg,"[4, 4]"
e9c1014802dfc82b630aecb9ae70f482.jpg,[4]
e9d9c52c13a6ddfb581d580e5630d785.jpg,[4]
e9ef1bab977ea384d1d69c911b172ea4.jpg,"[4, 4]"
ea239bbc67a8e50fb0f15963fc984fe3.jpg,"[4, 4, 4, 4]"
ea6d00290471945d3e5858ef05db762e.jpg,[4]
eab7ee471c2a8b781ed937f49488024e.jpg,"[4, 4, 4]"
eac8523f58d1b3cb28762096dde6c9ac.jpg,[4]
eac889f5ea319a0038e33070517bef71.jpg,"[2, 2]"
eb06daea6fbf9add7e9c90f5a0495093.jpg,"[4, 4, 4]"
eb3787b056dc165c9a31d0fc78087ded.jpg,[4]
eb53d6578f84d754a92f4c640952c7e3.jpg,[4]
ebe60046f82234756dc860536245b758.jpg,"[4, 4, 4]"
ec07b9192ae62eb1580966a0ddc77e30.jpg,[4]
ec16880f96a245b94abca105083024f2.jpg,"[4, 4, 4, 4, 4]"
ec66745bd1308feba3122378696a28bc.jpg,"[4, 4]"
ecbb256de625c0e78791fbda4df8d939.jpg,[4]
ed28e94c53bcb563ef1dd0f255e1fb76.jpg,[4]
ed5376e75d3ba01c6e56bb2610be9883.jpg,[4]
ed6390d8a8b67937f17ace268e5637be.jpg,"[4, 4, 4, 4, 4, 4]"
ed69005ac0055969f8d1553342d72c7a.jpg,"[4, 4]"
ed7744651dea5e3822b47029d3498ddf.jpg,"[4, 4, 4]"
edba3897fe033c735de1bdce03fdd4cf.jpg,"[4, 4, 4, 4, 4, 4]"
ee135225ef9406ad5210e5dba9446b60.jpg,[4]
ee7911db0c744d2743346069fad85604.jpg,[4]
ee948764f3eb78eef8fb8fe19650467a.jpg,"[4, 4, 4]"
eecc6702368d89f40bea09096e99db22.jpg,"[4, 4, 4, 4]"
ef58c36dcecd839b165cb349acf53cf5.jpg,"[4, 4, 4]"
efa52f87b3214e1eaf638d2b5cecbfa9.jpg,"[4, 4, 4, 4]"
efbca3dda12836baa288900a9e918a0d.jpg,[7]
f00c841d4a4d0fd9376cfff8ecd6f4ad.jpg,"[4, 4]"
f0784e622c3d7b3cb5311882bedd6aeb.jpg,"[4, 4, 4]"
f1045c2b746842bb3441fc91672c7d0b.jpg,[2]
f12baa4bd0ffba65b35a5c990cf273d0.jpg,"[4, 4, 4, 4, 4]"
f16cae9e22ebc5799efa978b46a7be4f.jpg,"[4, 4]"
f17ee71fa10ef7569d16fadfab95653b.jpg,[4]
f2044da843ad6e404d149efe946e98ea.jpg,"[4, 4, 4, 4]"
f24795fa5c11913f8d21417a30771ad7.jpg,[0]
f251095e8328c081ee889155a8a86ad7.jpg,[4]
f26c356c3fbca798126fb7bf6aee1829.jpg,"[4, 4, 4, 4, 4]"
f27af32d593cd546ad11e518b7c28a94.jpg,"[4, 4, 4]"
f2d27830978c7d892c87edb4359b2ec9.jpg,"[4, 4]"
f31495c86f29113f2dc877d1f8141eac.jpg,"[4, 4]"
f31b4dce9605f1f01de47beba83269bd.jpg,[4]
f323e5e697ebb8d27172ed3569054014.jpg,[4]
f3572f625479b4405bcb1897957ba89c.jpg,[4]
f361ab3f355a63fd50034d5049d9870f.jpg,[4]
f42ee1df012786a6fec64b5956ddaf7e.jpg,"[4, 4, 4, 4]"
f4716bb1b0c6198fdbaf5bf89f54678b.jpg,[7]
f4b6956ea3933a623b0c9d6f5b1a8717.jpg,[4]
f4bd9adb0a70cd9c4725f3acc5f4d7b4.jpg,"[4, 4]"
f4df7ce78f1bbd58383ffc46d06c9096.jpg,[4]
f4e4e51aa36c2570d17b87907c079fde.jpg,[4]
f53d3f760d26327bf957ac10caddcc6b.jpg,[2]
f58195ba9f4be7a572134d960a31e706.jpg,"[4, 4, 4]"
f585e6b1d4b0cf27009b993a05aa4f68.jpg,[7]
f5876be0652c4ac2f58f93b8077e6ae2.jpg,"[4, 4, 4, 4, 4, 4, 3, 4, 4, 3]"
f5fe0773c3c2f2114a3bd4721f83511f.jpg,[4]
f6544c6c8d8620e13742beb4700a1ebf.jpg,"[4, 4, 4]"
f6aa6cc7b35e437cc0fb084c389d2357.jpg,[4]
f6b00342cfef5a9b77356003ca08e306.jpg,"[4, 4]"
f6e3405e131cd6e4edfc9a32d87e8446.jpg,"[4, 4]"
f6fbf2a3913a0a05c76b984befc1c85b.jpg,"[4, 4, 4, 4]"
f70d5afd075ae949b5d8acb6ca08edbb.jpg,"[4, 4]"
f71db69a23f6178e3449406a4a40bf22.jpg,"[4, 4, 4, 4]"
f7c9a4a3eb64d8777f776b58d1574190.jpg,[4]
f7ce52923813e9fc906603d24b6ac638.jpg,"[4, 4]"
f826bf8fe44e377e8ae6fe286759599f.jpg,"[4, 4]"
f8632731a762fcd1f8f55c13c229d488.jpg,[4]
f88ece5f4e4add52ccc78c3303c8f97f.jpg,[4]
f8ac150deb054732b05eccbdefc238fb.jpg,"[4, 4]"
f8d9736da8ce04e71fec0547b6626051.jpg,"[4, 4]"
f929dac062eacec58111638db222bfec.jpg,[4]
f9699dbcf2630fd8b170da4be868e450.jpg,"[4, 4, 4, 4, 4, 4, 4, 4, 4, 4, 4, 4]"
f9937a8966f9262ba043f46a1f5e325b.jpg,"[4, 4]"
fa0d2a29cee376a52f716dfd17be042a.jpg,[4]
fa5fe44ca7518e57b3843577aa338f44.jpg,[2]
fa6fa266fc1a45a9bdba309e25da8d1e.jpg,"[4, 4]"
fa94085bad485021fcfd6452b7c0e72a.jpg,"[4, 4]"
fb19e3b9841b7adcfe1a46d64e6b8e63.jpg,[4]
fb4257426802f5328f2b066756018892.jpg,[4]
fb6e4ef15bcfc31b79339eb969daa6ac.jpg,"[4, 4]"
fbe527de78fc8da7234a3d46a18f0c2b.jpg,"[4, 4, 4]"
fc410c3be2a222d0de857789fed6b5a8.jpg,"[4, 4]"
fc63d443f821c94a2271fabb9fd7f8a1.jpg,"[4, 4]"
fcb310d049b4b5681b6764520c3bec5b.jpg,[4]
fd03953023103d5a531e2e1be7c5f6f1.jpg,"[4, 4]"
fdc7ebfbaf3d88335cea1c79c944c1e0.jpg,"[4, 4]"
fddd996ee9c128d8e5ddf672727e4ff2.jpg,[4]
fdfe7e0aaa83fc43791cc03e694a654a.jpg,"[4, 4, 4]"
fe01e094dc7863a76fd9565c13d620a8.jpg,[4]
fe4a6e94b1ca1fb42f42b8fc6c81ffa8.jpg,"[4, 4, 4, 4, 4]"
feb74102bbdd3530eb6fa20bfbf51a76.jpg,"[10, 10]"
febca4c995d13787f0c00cc213f1093d.jpg,"[4, 4, 4, 4, 4, 4]"
fee5c272324bb42854d85cffcd138095.jpg,"[4, 4]"
feef1ed3891571831b2021a33df19c81.jpg,"[4, 4, 4]"
ff3de589b6b990619209eb8745446f30.jpg,[7]
ff3edbf32f4d40922f1aa465a7c9aaf6.jpg,[4]
ff85546960e83624cdd73c6e12bb42aa.jpg,[4]
ff8f0801c4c7cbdc6bd85f191026676c.jpg,"[4, 4, 4, 4]"
ffa26d30264b279ee2348a2934f113a6.jpg,"[4, 4]"
00b5bf7dce31145b95ef3adb89a99b03.jpg,"[4, 4]"
03eab36eff5829fe7c8fcc12ef0db6fe.jpg,"[4, 4, 4]"
06cda4e0259992c410d7b6bcb004ca71.jpg,"[4, 4]"
089c3b993cd7cb2b78321b3eaa353f49.jpg,"[4, 4]"
08c0cd48330f8426bdfdda9ef5f1dccb.jpg,"[4, 4]"
094fdf4fbf2081a81d1d3d055b4f8800.jpg,[4]
0a7bda3ef30b632b39a18a2c34bcc872.jpg,[4]
0ae5acf51c8e92a5e073e3faead1ae33.jpg,"[4, 4]"
0bd97eb285fcedd86932513f674b162b.jpg,[2]
0e53eca9a109268719bd710a826bf603.jpg,[0]
0eed32ba52881e1430fa72aea7a6f4cc.jpg,[4]
0f4b44945ac3d3073851588f9049a800.jpg,[4]
0fb9ec4a46ba5e1d9fefadecc3dc0a6b.jpg,"[4, 4, 4, 4]"
10cbc28a28299dac6f0f179cb0b55349.jpg,[4]
11937f0575eebd156e508584390308b3.jpg,[4]
1211c408428434549ff379a4a0dae630.jpg,"[4, 4, 4, 4, 4, 4, 4, 4, 4, 4, 4]"
125a91051f10813668230d8024142f43.jpg,"[4, 4, 4]"
12e673965947b56c36e95a9f5925af73.jpg,[2]
13ffd30b95a01f54b9e9919126a2c5dd.jpg,[4]
148de81eafef0512d925e7b3e8a112cf.jpg,[7]
1498172c082a6277a21e496bae20d886.jpg,"[4, 4, 4, 4]"
14e6cef3b249b190c31ae127204f7f91.jpg,"[4, 4, 4, 4]"
1745703a49f8870571667504fa93f585.jpg,"[4, 4]"
1756436b2409564b1035326a6a3884eb.jpg,[0]
17a4368d97a48dcb1b7bf0a00b036f1f.jpg,"[4, 4, 4]"
17d950d358da3209f0a0af90a4d6ea7c.jpg,"[4, 4, 4, 4, 4, 4]"
181b71e92880d3be02b4d9bda7feaa4c.jpg,"[4, 4, 4, 4, 4]"
18b6aed2bf17d7852f3d0a2363050e12.jpg,[4]
18ecc1bc6027cbeca4c23cb8f3644429.jpg,"[4, 4]"
190708fdb0937868f663597d92618106.jpg,[2]
1922a58bf32303380fe361e12f58c15d.jpg,[2]
1b2d027552f7b16c8ad1b194b5f74216.jpg,"[4, 4, 4, 4, 4]"
1f4e58a95bdf3aea987b74bfafda082d.jpg,"[4, 4, 4, 4, 4]"
20adae0de01068d60dcb60f775bb6887.jpg,"[4, 4, 4, 4]"
20d9ac684bad373089b9ba23a91be30c.jpg,[7]
216452f64431c8fe0406182e99342ad1.jpg,[4]
21d23fceb4dc0c3a6e8815621cfc515c.jpg,[4]
21f937e68479b51c73481d415529377d.jpg,"[4, 4, 4]"
232906a1ca62a88be0e0d958d1d16870.jpg,"[2, 2]"
237ee9318c47260921b80591f2ed761a.jpg,[4]
2466a0b1fc6974a8f3a624c158bc4d08.jpg,[4]
24f207da148bf2ea659342fe33e93323.jpg,[10]
27d9553a908b23fd64db846dc8b66b4b.jpg,"[3, 3]"
28446a6ba43266a7d1b78c02c0d7cf65.jpg,"[4, 4, 4]"
2a9a725a1296e86a85f5de8f268cfd22.jpg,"[4, 4, 4, 4, 4]"
2ac9b779528ae69465035045c50dee72.jpg,"[4, 4]"
2bf66809352a6d53ac638c6eba483670.jpg,"[4, 4]"
314546016441b35fa706c7c076821927.jpg,[7]
333938a5985baa774b6013cb6b0e7830.jpg,"[4, 4]"
33949c89985696433c2f50f678232eed.jpg,[4]
344ede6f3a3512e58980009e69519f62.jpg,"[4, 4]"
347eb79cba4d4f94cedcbcd3a51671e3.jpg,[4]
34920fbc766da3a8584a1319e40cc358.jpg,[2]
3510ae49f9b229c8f4df8cfb2ef63cee.jpg,"[4, 4, 4, 4]"
3515cf920ef009354faf35ba79e42b66.jpg,[4]
36ac9263e8217644451d9ba8302459c8.jpg,"[4, 4, 4]"
371652b762984347db74f9a40e5d25b2.jpg,[4]
37852eec49aa40698664ccaefac0a62d.jpg,[4]
379ddedf3825bd2bd8a06737ceb069c3.jpg,[4]
3b58e2201d20c99374960cd5bc460c4c.jpg,"[4, 4, 4]"
4255fa84582ba207069d415202d520ae.jpg,[4]
4262e2a19ff8aadec1ba9a4fd93e9918.jpg,"[4, 4]"
439c83cc136bf96291e27f358f07fe76.jpg,[7]
44d5aff42b74b2d8ff3d869a036327ad.jpg,[4]
45701c21f4530b8b4c96775f99631f56.jpg,[4]
45c5d4adb10801a00a2c5a8a992cfcb8.jpg,"[2, 2]"
46282ab49e180044f16fc3c0228f523c.jpg,"[4, 4, 4]"
46b1aebbc0df80d9e1e8ed103896640d.jpg,"[4, 4]"
46c59b28099c69113b9740800abcf9c3.jpg,"[4, 4, 4]"
46cbef0ecc8b253495da3bae9a67192f.jpg,[4]
4903b67c09ff6a1d4557602f22320286.jpg,"[4, 4, 4, 4, 4]"
497a45fe4efa0960c432dd3a20ca014e.jpg,[4]
49cb740320904357919c06e38a44306c.jpg,"[4, 4, 4, 4]"
4ae6ed02760671f095a25003cc332099.jpg,[4]
4b31dd7ad7fcc2f703b629126be57060.jpg,"[4, 4, 4, 4]"
4bf7d261f1ebfe22588dd887d86f477a.jpg,"[4, 4, 4]"
4da5b2705663922fbb2a94c2f7513874.jpg,"[4, 4, 4]"
516af3e97a3c832f1a83e30529fdc33f.jpg,[4]
528229659b31f33079d9b1c15923d64f.jpg,"[4, 4, 4, 4]"
55d73ae4cee76aab15ff59006585d824.jpg,"[4, 4, 4, 4, 4]"
55eda032298d933144f258d2cd9b6ec5.jpg,"[4, 4, 4]"
564bd1ac599a1902ef5a9f8fe60b4dc9.jpg,[2]
56b2636d9429536ae20a5a65d54cd15a.jpg,[3]
5c39e05f60377582db26fd398a0a62aa.jpg,[4]
5dbfc0f02581fc3379a6eb5b7132b939.jpg,[4]
5f281f9bce987d6917af0c298981057f.jpg,[2]
5fc01aa81f6b3d538d3b66dd52255b94.jpg,"[4, 4]"
605851543272f13743c40363ac67182b.jpg,[4]
60ed7ac725ddfdd75b8bfd710b050161.jpg,"[4, 4, 4]"
61183d9e0057671d410bcec71c786c24.jpg,"[4, 4, 4, 4]"
6169a8279811a72e8e18bd0abb928b19.jpg,[4]
6198f705e117ad6dbb60a4e67700d355.jpg,"[4, 4, 4]"
638084de26daccbf232ff9724ef613bb.jpg,[4]
64046c592026cc460b9913a7916a9c74.jpg,[3]
6691ba27d543ebf79fff1147a72c998d.jpg,"[4, 4, 4, 4, 4]"
67035c18bee7f5878d27bd21f479563f.jpg,[4]
6977a44c296653f9810943a23a754354.jpg,"[4, 4]"
69910a1a52345b5c618218eb4ba161c3.jpg,"[4, 4, 4, 4]"
6a67e837b08421ae18bd1ac4c997bb4e.jpg,[4]
6ac9a40a4b58dc2a5c56da56ddd0eea7.jpg,[1]
6b351d5ff08e3e3956dc06d0ca204e4c.jpg,"[4, 4, 4, 4, 4]"
6bc5c51917ff8288d06ddde13487978a.jpg,[4]
6be62654791e3cb6536e937cc611a9b2.jpg,"[4, 4]"
6c35806d9add4c7df0a2ca5c01afd095.jpg,[4]
6d014fd298f1c577072a4e52758fde7f.jpg,"[4, 4, 4]"
6da17b2bc0057a7b1e211790fedacc77.jpg,[4]
6f9e12ce843582af445076d2b830cdde.jpg,"[4, 4, 4, 4]"
6fb1706abbe1b629157db05ef97fd4c4.jpg,"[4, 4, 4, 4, 4, 4]"
6fc8fe957bd541c0d525bf567188b2ff.jpg,[4]
6ffa97dca9b277c5ed01d24b2d0b03b7.jpg,[4]
729ddd8a964e39e5f8acaacbab2dd85b.jpg,"[4, 4, 4]"
737e9f6ef06962b76e54f3cfb7ea620c.jpg,"[4, 4]"
739c63b3f37cc7d6cc15c21a9edcab0b.jpg,"[4, 4]"
745eddd22581b5aa8aa0e5cd1f3e05b2.jpg,"[4, 4, 4, 4, 4]"
751bad30b8d4b2c9e9378d763d3a67ef.jpg,[4]
76ae7c9826a55b834da2592b62631f77.jpg,[4]
7a6a7ddc8972f46cf9294159c27d5fb1.jpg,"[4, 4, 4, 4]"
7aab7af50915d2aa7eac0574962932f0.jpg,"[4, 4]"
7b002d9cde6d44d7343f3c29e0eec0a4.jpg,"[4, 4]"
7d42c3b87e533fccd5e9ff2665b74648.jpg,[7]
7d9647b11f0c6446a8010cd223d85693.jpg,[4]
7d9c1bcb917c1302ffa853cd62e887f3.jpg,[4]
7eacebd6c9dc28950c726eccb8ae3434.jpg,"[4, 4]"
7ebb4f5390df1a0f46355c551799673d.jpg,"[4, 4, 4]"
801a9f2f258244f260ee05b8009beda7.jpg,[4]
8256d00cbe0da26ac165de5c76fafd6a.jpg,[4]
833563ef806fe1d7d7d20ed6cc3d9602.jpg,[2]
83fc281880965a8dad9715fb49347bde.jpg,"[4, 4, 4, 4, 4]"
844a7ccfd6bf769d0eb1ff7109895b9c.jpg,[4]
848607cd0b762605aa2bcdb0b0f8de36.jpg,[2]
84cfeb8f829ecab2be4672eff19a8b97.jpg,"[4, 4, 4, 4, 4]"
86a9e12bd134a7cd97c0f4667926d318.jpg,"[4, 4, 4, 4]"
8748a09f5405acf41d625134ac52678d.jpg,"[4, 4]"
878beb66a705a6d64e18fb3746060355.jpg,"[4, 4]"
87e1463f0d2af1b9609cf91e5e34b990.jpg,"[4, 4]"
87ffd741f6a7397e8ec63ce52e1d7b4a.jpg,[0]
88b25c0119ba66b6630dd1393a07f048.jpg,"[4, 4]"
88f354ee581668ce8398a3952b297e68.jpg,"[2, 2]"
8918e459f37078adbc41ab03a318dd6b.jpg,"[4, 4]"
893c8a1d54a3abc97459839917cf5afa.jpg,"[4, 4]"
89822652589a0c5a143afa1b1578fb8b.jpg,"[4, 4]"
8b2c77725e46f1fc311225138275db82.jpg,[4]
8bdbe9a6dd3f03877804a41b4d691850.jpg,[7]
8c8ddaf8eeb5446cc3c1aa0c8f42cf5a.jpg,[4]
8cf2c7349839d9fcc5a77f67e46e8fd3.jpg,"[4, 4, 4, 4]"
8deaf21a5df59bd550a32e4cf977df21.jpg,"[4, 4]"
9092e30ca3094302644a330ae782fb65.jpg,[4]
92244ca6bedc890411215db52f6f0a07.jpg,"[4, 4, 4, 4]"
9254e2d747920d7b64ac26160aa34485.jpg,"[4, 4, 4]"
92d7fc644c68f6d9b40b43ba7c7341e0.jpg,"[4, 4, 4]"
935c9b375f46c1081c041709038d4327.jpg,[4]
93a7e627ee2b9aa5256918dad82521f1.jpg,"[4, 4]"
95b73c5452276b83d4ccb2e88228e841.jpg,[7]
972176b69b6346d9c27b5908c9e35c74.jpg,[4]
97719643b1ca05c5b6169ece7bd12e76.jpg,"[4, 4, 4, 4]"
982261aad09d9c5813d1f94bc8d0e40e.jpg,"[4, 4]"
9c09958d489bf9873eb02a8af672a2c0.jpg,[2]
9c408add716b79a09448b179a7b36ec1.jpg,[2]
9d5df48c3182c2b2a201d3203661bdba.jpg,[4]
9dc656a16d30d75cbf94d76af261efd3.jpg,"[4, 4, 4, 4, 4]"
9f86e22d0da6f6ccfc18563bb6d29adb.jpg,"[4, 4, 4, 4, 4, 4, 4]"
a01ab8dfc2c02ca4e077db5c9c9b8e5e.jpg,"[4, 4]"
a1a067bd85a1dabecd859237a494bc8a.jpg,[4]
a267b15c74d2e395d2016a2b05971b2c.jpg,[4]
a29e4a2974fe0f525ac10086eaf45a50.jpg,"[4, 4, 4, 4, 4]"
a31352d4807478052909012581a02ea7.jpg,"[4, 4, 4, 4]"
a377d3013346b662356ed67c8e0e24c9.jpg,"[4, 4, 4, 4]"
a52a42864912f4f5d5fa6d77aca24130.jpg,"[4, 4]"
a583f436cc118d9a491b84b01f7b5e53.jpg,"[4, 4]"
a599fb755171ec25b15593958bfd1733.jpg,"[4, 4, 4, 4]"
a8909b0fc72356097f23bb7358e58921.jpg,"[4, 4]"
ac9c1d1ed7c9d80b1a3201d6432f86ea.jpg,"[4, 4, 4, 4]"
afbb3fbf978ff34202fc3a5b7474d363.jpg,[4]
b0bdc4875ed14650fc977f7f1847d1f1.jpg,[4]
b1f4196ea536831eb506ade3fc57b39b.jpg,[4]
b47c203760c494ac1ae0192c85fbeb4f.jpg,"[4, 4, 4, 4]"
b4910285767283ef56086bb3534d080f.jpg,[4]
b66cc933cfacfa336e985e660ab89686.jpg,[4]
b78a387eb46a233c0f4d26207fca06b0.jpg,[4]
b833ecf2db26c265a6acbec12445e1b2.jpg,[4]
b840cd31a9e03890e992ac23b5ceb51c.jpg,"[4, 4, 4, 4, 4]"
b9dd2a706ab9cdffe9d53eff7ef99447.jpg,[4]
ba5cd4c6e6ef3c253644ac0d7d30d09f.jpg,"[4, 4, 4, 4]"
bb15ba9a853a2b038e87a8b4d9ac81ad.jpg,[4]
bb640e4e0749ebe36e173f4be0eed255.jpg,[4]
bc9b0b0407b5ba96cf5931e15e483007.jpg,"[4, 4, 4]"
bc9dc7f43662a1831b0261b952625f90.jpg,[4]
bd3771147d29c531113e95b4f62eb5d5.jpg,[4]
bdc49ef5a6732007851566083000b64f.jpg,[4]
beafbd07c60784766b4281d538638976.jpg,"[4, 4, 4]"
bf468b1b4c831460cbbae3d11c22543d.jpg,[4]
c00bf757c8412aabd3113787515335e6.jpg,"[4, 4, 4, 4]"
c1ebecf337686e74c070ef7473d9df50.jpg,"[4, 4, 4]"
c419021eae580f74f37993c52c8e26bb.jpg,"[4, 4]"
c44981c9ead435d73c2e8669fda1c3dc.jpg,[4]
c492e7da23e52507d59a9883f3191fba.jpg,"[4, 4, 4]"
c527bc607bd531b8f263c58f72800050.jpg,"[4, 4, 4, 4, 4]"
c52aeaa1040a3010ec6a594afab8e94a.jpg,"[4, 4, 4, 4, 4]"
c562f0c3a402e1f7f1e52e1d6838af59.jpg,"[4, 4]"
c6dbbc23affa4c40c1000e81c850a617.jpg,"[4, 4, 4, 4, 4]"
c735ac1e8b2e0767d5895ac1c74b0f53.jpg,"[4, 4, 4, 4, 4, 4]"
c7981f53976f6d9e47ed279b30de9a56.jpg,"[4, 4, 4, 4, 4]"
c8f938cf5313ac68679508ae27889b80.jpg,"[4, 4, 4, 4, 4, 4, 4, 4, 4, 4, 4, 4]"
c9884e970e33a19ab9cc99b18efb7890.jpg,"[4, 4, 4, 4, 4]"
ca6e2ab2df6d87b8b9767b83a0535d93.jpg,"[4, 4, 4]"
cb734861a0e606e9e67913e051597576.jpg,"[4, 4, 4]"
ccd46c29c0fa28359ec68b5da0ac0565.jpg,"[4, 4, 4]"
cd6ad05e61ee246342826bf2c735029f.jpg,"[4, 4, 4, 4, 4, 4]"
cd7003e62d4dc37d3ac203138e5d8c87.jpg,"[4, 4]"
d02e0be63f21ae4c673c15501fc292db.jpg,"[4, 4]"
d031ed0dd9382f2c8237cafbabeaac66.jpg,[4]
d041e3c0ccb45693740aa4d823440322.jpg,[4]
d0696a543ddc9775948c417f5b5e5b0a.jpg,"[4, 4, 4]"
d1bdc3781cd9fa4c3b6be916bc3a1198.jpg,"[4, 4, 4, 4]"
d28e5364abab88ec21d17336c5a9ab73.jpg,[4]
d378c3804b1f1976646dad5a84372644.jpg,[4]
d3836200227217bb0acddb6e5829df6d.jpg,[4]
d43ede7913d95ad8be2d0c7aab6b0f81.jpg,"[4, 4, 4, 4]"
d55c7afa94001f90a0acc8e57c85dd0e.jpg,"[4, 4, 4, 4, 4]"
d58f243e6cc2c8d644762306a155dbdb.jpg,"[4, 4]"
d6da818d0ead4aaf647179fb8827e5cc.jpg,"[4, 4, 4, 4, 4]"
d8db6c82b160d1f69e52db236005f6e0.jpg,[4]
dcbff104ec7684616f6d7aea64f0225c.jpg,"[4, 4, 4]"
dd1b771e20965f1743af4a6ce0b1fd0a.jpg,"[4, 4]"
dd2b66369795e15dd426515282df809d.jpg,[4]
ddf26ce1ffde9b82d2a5f8c1fc037d38.jpg,[4]
df9cb70dbe0ae07e87bbe14e7e618f21.jpg,"[4, 4]"
e1717438529b908cdd79b0ad705046cb.jpg,[4]
e1969b6e79727f8e4b67dcb88c314b10.jpg,"[4, 4]"
e219f28ed91a7de4edecc60ccdb9d8bb.jpg,"[4, 4, 4, 4, 4]"
e21b1075eb5569a3b11d1a6a4b868c8c.jpg,"[4, 4, 4, 4, 4, 4]"
e2528cb83abc7a1075fe1369477e905a.jpg,[4]
e2b588a120471a8032e95d840bad406a.jpg,"[4, 4, 4, 4]"
e3c3f30cdce9a59c92fa3dc1d07dc54f.jpg,"[4, 4, 4, 4]"
e45cccc47ecba8e3ab1cd593e332dccc.jpg,"[4, 4, 4, 4]"
e46e13d5120b45146d1ba0289010fa5a.jpg,"[4, 4]"
e47b90308c156c7f41936b30de191cda.jpg,"[4, 4, 4]"
e9ed60ea8b1df0b285693850a06a5a70.jpg,[4]
eb4e6852ba210c8b21544225c778e229.jpg,"[4, 4, 4, 4, 4, 4]"
ebc58563647f5a02849adecd44b75406.jpg,"[4, 4]"
ecee7ef537178207bc98417ed7d1c88b.jpg,"[4, 4]"
ee3bdc110e20bc03cede1829f8a9b893.jpg,"[4, 4, 4, 4]"
ee628a8720c27fe8b1fe2b4ce0a8279c.jpg,"[4, 4, 4, 4]"
eed1d2bd4bd97e8afdbd98ce1540bc16.jpg,[4]
efb74261bf44e1692ddd7b6491f4abab.jpg,[2]
f0d14d315b426f604242ac18f9d1ab16.jpg,[4]
f0f4b01c4187317652f93dd98ecf7dbb.jpg,"[4, 4, 4, 4, 4]"
f3f292150e2141cca62c97f8339284e7.jpg,"[4, 4, 4, 4, 4]"
f52b409249cf7fadb18c0d048528f527.jpg,"[4, 4, 4, 4, 4]"
f5888a6f5e0b59be4f45966ec9524868.jpg,[4]
f7aff34a2cbb102b8fbbe18693d2abc8.jpg,"[4, 4]"
f8588e8553ec9d405d46b1d955a01a4f.jpg,"[4, 4, 4, 4, 4]"
fa8357e15cb11c5b500e2c6eaea1ae7e.jpg,[4]
ffbdec8087e32cf3fae7e7d00eefbae6.jpg,"[4, 4, 4, 4]"
